"ID_Vaca","Grupo","DIM","Leche_Total","E_Prod","E_Seca","Fecha_Secado","Dias_Seca","Toro_Seca","Lact_N","E_Gest","Fecha_Insem","Toro_Ins","Tipo","Status_Repro","Status_Final","Fecha_Nac","Edad_Meses","Categoria","Toro_Padre"
"2833","4","532","24.5","Preñ2","0","0","0","0","0","0","0","0","VACA","VACIA","EN ORDEÑO","0","0","0","0"
"2871","4","551","25.4","Matar","0","0","0","0","0","0","0","0","VACA","VACIA","EN ORDEÑO","0","0","0","0"
"2942","4","398","38.1","Insem","0","0","0","0","0","0","1-09-25","INDEPENDANT","VACA","INSEMINADA","EN ORDEÑO","0","0","0","0"
"2950","4","408","35","Preñ","0","0","0","0","4","Preñ","0","0","VACA","VACAPREÑACTUAL","EN ORDEÑO","0","0","0","0"
"2995","4","549","26.8","Preñ2","0","0","0","0","0","0","0","0","VACA","VACIA","EN ORDEÑO","0","0","0","0"
"3023","4","410","37.9","Preñ2","0","0","0","0","0","0","0","0","VACA","VACIA","EN ORDEÑO","0","0","0","0"
"3047","4","537","33.1","Preñ","0","0","0","0","2","Preñ","0","0","VACA","VACAPREÑACTUAL","EN ORDEÑO","0","0","0","0"
"3117","4","394","38.3","Insem","0","0","0","0","0","0","1-09-25","INDEPENDANT","VACA","INSEMINADA","EN ORDEÑO","0","0","0","0"
"3134","4","405","34.2","Preñ","0","0","0","0","2","Preñ","0","0","VACA","VACAPREÑACTUAL","EN ORDEÑO","0","0","0","0"
"3143","4","412","36.5","Preñ2","0","0","0","0","0","0","0","0","VACA","VACIA","EN ORDEÑO","0","0","0","0"
"3144","4","471","24.2","Preñ","0","0","0","0","2","Preñ","0","0","VACA","VACAPREÑACTUAL","EN ORDEÑO","0","0","0","0"
"3163","4","401","34.3","Preñ","0","0","0","0","2","Preñ","0","0","VACA","VACAPREÑACTUAL","EN ORDEÑO","0","0","0","0"
"3169","4","439","33.3","Preñ","0","0","0","0","2","Preñ","0","0","VACA","VACAPREÑACTUAL","EN ORDEÑO","0","0","0","0"
"3367","6","217","31.6","Alta","0","0","0","0","0","0","0","0","VACA","VACIA","EN ORDEÑO","0","0","0","0"
"3374","6","240","35.3","Alta","0","0","0","0","0","0","0","0","VACA","VACIA","EN ORDEÑO","0","0","0","0"
"3392","6","210","27.9","Alta","0","0","0","0","0","0","0","0","VACA","VACIA","EN ORDEÑO","0","0","0","0"
"3394","6","232","37.6","Alta","0","0","0","0","0","0","0","0","VACA","VACIA","EN ORDEÑO","0","0","0","0"
"3396","6","212","28","Alta","0","0","0","0","0","0","0","0","VACA","VACIA","EN ORDEÑO","0","0","0","0"
"3402","6","233","28.1","Alta","0","0","0","0","0","0","0","0","VACA","VACIA","EN ORDEÑO","0","0","0","0"
"3403","6","231","40.5","Alta","0","0","0","0","0","0","0","0","VACA","VACIA","EN ORDEÑO","0","0","0","0"
"3404","6","224","32","Alta","0","0","0","0","0","0","0","0","VACA","VACIA","EN ORDEÑO","0","0","0","0"
"3405","6","226","30.2","Alta","0","0","0","0","0","0","0","0","VACA","VACIA","EN ORDEÑO","0","0","0","0"
"3411","6","207","31.7","Alta","0","0","0","0","0","0","0","0","VACA","VACIA","EN ORDEÑO","0","0","0","0"
"3412","6","204","38.3","Alta","0","0","0","0","0","0","0","0","VACA","VACIA","EN ORDEÑO","0","0","0","0"
"3413","6","199","26.6","Alta","0","0","0","0","0","0","0","0","VACA","VACIA","EN ORDEÑO","0","0","0","0"
"3343","8","243","39.5","Alta","0","0","0","0","0","0","0","0","VACA","VACIA","EN ORDEÑO","0","0","0","0"
"3355","8","283","39.8","Insem","0","0","0","0","0","0","15-09-25","WISEUP","VACA","INSEMINADA","EN ORDEÑO","0","0","0","0"
"3365","8","277","38.9","Insem","0","0","0","0","0","0","22-09-25","INDEPENDANT","VACA","INSEMINADA","EN ORDEÑO","0","0","0","0"
"3370","8","243","33.3","Alta","0","0","0","0","0","0","0","0","VACA","VACIA","EN ORDEÑO","0","0","0","0"
"3377","8","270","32.9","Vacia","0","0","0","0","0","0","0","0","VACA","VACIA","EN ORDEÑO","0","0","0","0"
"3381","8","265","33.6","Vacia","0","0","0","0","0","0","0","0","VACA","VACIA","EN ORDEÑO","0","0","0","0"
"3386","8","272","34.7","Insem","0","0","0","0","0","0","12-09-25","INDEPENDANT","VACA","INSEMINADA","EN ORDEÑO","0","0","0","0"
"3387","8","254","33.5","Vacia","0","0","0","0","0","0","0","0","VACA","VACIA","EN ORDEÑO","0","0","0","0"
"3391","8","255","32.3","Vacia","0","0","0","0","0","0","0","0","VACA","VACIA","EN ORDEÑO","0","0","0","0"
"3395","8","254","32.8","Vacia","0","0","0","0","0","0","0","0","VACA","VACIA","EN ORDEÑO","0","0","0","0"
"3398","8","251","33.4","Alta","0","0","0","0","0","0","0","0","VACA","VACIA","EN ORDEÑO","0","0","0","0"
"3399","8","260","35.6","Vacia","0","0","0","0","0","0","0","0","VACA","VACIA","EN ORDEÑO","0","0","0","0"
"3400","8","248","27.1","Alta","0","0","0","0","0","0","0","0","VACA","VACIA","EN ORDEÑO","0","0","0","0"
"3401","8","242","30.5","Alta","0","0","0","0","0","0","0","0","VACA","VACIA","EN ORDEÑO","0","0","0","0"
"2694","9","206","21","Alta","0","0","0","0","0","0","0","0","VACA","VACIA","EN ORDEÑO","0","0","0","0"
"3104","9","250","37.5","Alta","0","0","0","0","0","0","0","0","VACA","VACIA","EN ORDEÑO","0","0","0","0"
"3222","9","185","27.6","Alta","0","0","0","0","0","0","0","0","VACA","VACIA","EN ORDEÑO","0","0","0","0"
"3228","9","198","41","Alta","0","0","0","0","0","0","0","0","VACA","VACIA","EN ORDEÑO","0","0","0","0"
"3265","9","205","36.1","Alta","0","0","0","0","0","0","0","0","VACA","VACIA","EN ORDEÑO","0","0","0","0"
"3345","9","326","12","Vacia","0","0","0","0","0","0","0","0","VACA","VACIA","EN ORDEÑO","0","0","0","0"
"3385","9","191","24.2","Alta","0","0","0","0","0","0","0","0","VACA","VACIA","EN ORDEÑO","0","0","0","0"
"3414","9","184","22","Alta","0","0","0","0","0","0","0","0","VACA","VACIA","EN ORDEÑO","0","0","0","0"
"3415","9","191","15","Alta","0","0","0","0","0","0","0","0","VACA","VACIA","EN ORDEÑO","0","0","0","0"
"3171","10","248","42.7","Alta","0","0","0","0","0","0","0","0","VACA","VACIA","EN ORDEÑO","0","0","0","0"
"3172","10","387","37","Preñ","0","0","0","0","2","Preñ","0","0","VACA","VACAPREÑACTUAL","EN ORDEÑO","0","0","0","0"
"3361","10","323","28.5","Preñ","0","0","0","0","1","Preñ","0","0","VACA","VACAPREÑACTUAL","EN ORDEÑO","0","0","0","0"
"3366","10","338","31","Preñ","0","0","0","0","1","Preñ","0","0","VACA","VACAPREÑACTUAL","EN ORDEÑO","0","0","0","0"
"3390","10","226","36.3","Alta","0","0","0","0","0","0","0","0","VACA","VACIA","EN ORDEÑO","0","0","0","0"
"2811","11","258","36.5","Vacia","0","0","0","0","0","0","0","0","VACA","VACIA","EN ORDEÑO","0","0","0","0"
"2867","11","528","31","Preñ","0","0","0","0","3","Preñ","0","0","VACA","VACAPREÑACTUAL","EN ORDEÑO","0","0","0","0"
"2972","11","325","40.5","Insem","0","0","0","0","0","0","12-09-25","WISEUP","VACA","INSEMINADA","EN ORDEÑO","0","0","0","0"
"3020","11","289","42.8","Insem","0","0","0","0","0","0","8-09-25","WISEUP","VACA","INSEMINADA","EN ORDEÑO","0","0","0","0"
"3043","11","314","45.8","Vacia","0","0","0","0","0","0","0","0","VACA","VACIA","EN ORDEÑO","0","0","0","0"
"3066","11","236","43.7","Alta","0","0","0","0","0","0","0","0","VACA","VACIA","EN ORDEÑO","0","0","0","0"
"3076","11","577","24.4","Preñ2","0","0","0","0","0","0","0","0","VACA","VACIA","EN ORDEÑO","0","0","0","0"
"3145","11","312","35.7","Preñ","0","0","0","0","2","Preñ","0","0","VACA","VACAPREÑACTUAL","EN ORDEÑO","0","0","0","0"
"3157","11","370","41","Preñ","0","0","0","0","2","Preñ","0","0","VACA","VACAPREÑACTUAL","EN ORDEÑO","0","0","0","0"
"3161","11","405","27.9","Insem","0","0","0","0","0","0","1-09-25","WISEUP","VACA","INSEMINADA","EN ORDEÑO","0","0","0","0"
"3321","11","288","41.1","Insem","0","0","0","0","0","0","8-09-25","INDEPENDANT","VACA","INSEMINADA","EN ORDEÑO","0","0","0","0"
"3325","11","261","33.7","Vacia","0","0","0","0","0","0","0","0","VACA","VACIA","EN ORDEÑO","0","0","0","0"
"3337","11","434","26.9","Preñ","0","0","0","0","1","Preñ","0","0","VACA","VACAPREÑACTUAL","EN ORDEÑO","0","0","0","0"
"3349","11","289","32.5","Insem","0","0","0","0","0","0","12-09-25","INDEPENDANT","VACA","INSEMINADA","EN ORDEÑO","0","0","0","0"
"3368","11","329","40","Insem","0","0","0","0","0","0","0","0","VACA","VACIA","EN ORDEÑO","0","0","0","0"
"3371","11","317","37","Preñ","0","0","0","0","1","Preñ","0","0","VACA","VACAPREÑACTUAL","EN ORDEÑO","0","0","0","0"
"2678","12","262","41.9","Vacia","0","0","0","0","0","0","0","0","VACA","VACIA","EN ORDEÑO","0","0","0","0"
"2748","12","417","37.6","Preñ","0","0","0","0","5","Preñ","0","0","VACA","VACAPREÑACTUAL","EN ORDEÑO","0","0","0","0"
"2788","12","323","39.6","Insem","0","0","0","0","0","0","12-09-25","INDEPENDANT","VACA","INSEMINADA","EN ORDEÑO","0","0","0","0"
"2905","12","257","34.6","Vacia","0","0","0","0","0","0","0","0","VACA","VACIA","EN ORDEÑO","0","0","0","0"
"2909","12","337","44.7","Insem","0","0","0","0","0","0","15-09-25","INDEPENDANT","VACA","INSEMINADA","EN ORDEÑO","0","0","0","0"
"2933","12","357","38.4","Preñ","0","0","0","0","3","Preñ","0","0","VACA","VACAPREÑACTUAL","EN ORDEÑO","0","0","0","0"
"2936","12","279","27.1","Matar","0","0","0","0","0","0","0","0","VACA","VACIA","EN ORDEÑO","0","0","0","0"
"2948","12","296","43.3","Insem","0","0","0","0","0","0","7-09-25","INDEPENDANT","VACA","INSEMINADA","EN ORDEÑO","0","0","0","0"
"2979","12","412","33.8","Insem","0","0","0","0","0","0","15-09-25","INDEPENDANT","VACA","INSEMINADA","EN ORDEÑO","0","0","0","0"
"2997","12","221","41.8","Alta","0","0","0","0","0","0","0","0","VACA","VACIA","EN ORDEÑO","0","0","0","0"
"3027","12","367","35.6","Insem","0","0","0","0","0","0","26-08-25","WISEUP","VACA","INSEMINADA","EN ORDEÑO","0","0","0","0"
"3035","12","274","36","Insem","0","0","0","0","0","0","22-09-25","INDEPENDANT","VACA","INSEMINADA","EN ORDEÑO","0","0","0","0"
"3064","12","216","49.4","Alta","0","0","0","0","0","0","0","0","VACA","VACIA","EN ORDEÑO","0","0","0","0"
"3148","12","321","36.6","Preñ","0","0","0","0","2","Preñ","0","0","VACA","VACAPREÑACTUAL","EN ORDEÑO","0","0","0","0"
"3155","12","468","31.9","Preñ","0","0","0","0","2","Preñ","0","0","VACA","VACAPREÑACTUAL","EN ORDEÑO","0","0","0","0"
"3328","12","414","31.6","Preñ","0","0","0","0","1","Preñ","0","0","VACA","VACAPREÑACTUAL","EN ORDEÑO","0","0","0","0"
"3378","12","266","36.1","Vacia","0","0","0","0","0","0","0","0","VACA","VACIA","EN ORDEÑO","0","0","0","0"
"3382","12","262","32.9","Vacia","0","0","0","0","0","0","0","0","VACA","VACIA","EN ORDEÑO","0","0","0","0"
"2713","13","219","47.2","Alta","0","0","0","0","0","0","0","0","VACA","VACIA","EN ORDEÑO","0","0","0","0"
"2761","13","208","46.5","Alta","0","0","0","0","0","0","0","0","VACA","VACIA","EN ORDEÑO","0","0","0","0"
"2813","13","218","44","Alta","0","0","0","0","0","0","0","0","VACA","VACIA","EN ORDEÑO","0","0","0","0"
"2962","13","212","49.9","Alta","0","0","0","0","0","0","0","0","VACA","VACIA","EN ORDEÑO","0","0","0","0"
"3097","13","195","48.9","Alta","0","0","0","0","0","0","0","0","VACA","VACIA","EN ORDEÑO","0","0","0","0"
"3114","13","201","38.4","Alta","0","0","0","0","0","0","0","0","VACA","VACIA","EN ORDEÑO","0","0","0","0"
"3126","13","216","44.4","Alta","0","0","0","0","0","0","0","0","VACA","VACIA","EN ORDEÑO","0","0","0","0"
"3142","13","194","48.4","Alta","0","0","0","0","0","0","0","0","VACA","VACIA","EN ORDEÑO","0","0","0","0"
"3230","13","208","44.3","Alta","0","0","0","0","0","0","0","0","VACA","VACIA","EN ORDEÑO","0","0","0","0"
"3241","13","209","28.4","Alta","0","0","0","0","0","0","0","0","VACA","VACIA","EN ORDEÑO","0","0","0","0"
"3248","13","205","49","Alta","0","0","0","0","0","0","0","0","VACA","VACIA","EN ORDEÑO","0","0","0","0"
"3258","13","219","49.2","Alta","0","0","0","0","0","0","0","0","VACA","VACIA","EN ORDEÑO","0","0","0","0"
"3263","13","209","42.1","Alta","0","0","0","0","0","0","0","0","VACA","VACIA","EN ORDEÑO","0","0","0","0"
"3264","13","209","34.1","Alta","0","0","0","0","0","0","0","0","VACA","VACIA","EN ORDEÑO","0","0","0","0"
"2686","14","278","42.4","Insem","0","0","0","0","0","0","22-09-25","WISEUP","VACA","INSEMINADA","EN ORDEÑO","0","0","0","0"
"2691","14","351","49.8","Insem","0","0","0","0","0","0","1-09-25","INDEPENDANT","VACA","INSEMINADA","EN ORDEÑO","0","0","0","0"
"2826","14","295","38.7","Insem","0","0","0","0","0","0","1-09-25","WISEUP","VACA","INSEMINADA","EN ORDEÑO","0","0","0","0"
"2924","14","374","29.7","Preñ","0","0","0","0","4","Preñ","0","0","VACA","VACAPREÑACTUAL","EN ORDEÑO","0","0","0","0"
"3018","14","321","44.5","Preñ","0","0","0","0","3","Preñ","0","0","VACA","VACAPREÑACTUAL","EN ORDEÑO","0","0","0","0"
"3028","14","390","31.6","Preñ","0","0","0","0","3","Preñ","0","0","VACA","VACAPREÑACTUAL","EN ORDEÑO","0","0","0","0"
"3073","14","366","42.2","Insem","0","0","0","0","0","0","15-09-25","WISEUP","VACA","INSEMINADA","EN ORDEÑO","0","0","0","0"
"3086","14","293","39.6","Insem","0","0","0","0","0","0","8-09-25","WISEUP","VACA","INSEMINADA","EN ORDEÑO","0","0","0","0"
"3124","14","355","37","Preñ","0","0","0","0","2","Preñ","0","0","VACA","VACAPREÑACTUAL","EN ORDEÑO","0","0","0","0"
"3154","14","329","36.5","Preñ","0","0","0","0","2","Preñ","0","0","VACA","VACAPREÑACTUAL","EN ORDEÑO","0","0","0","0"
"3165","14","326","50.5","Vacia","0","0","0","0","0","0","0","0","VACA","VACIA","EN ORDEÑO","0","0","0","0"
"3166","14","353","38.3","Preñ","0","0","0","0","2","Preñ","0","0","VACA","VACAPREÑACTUAL","EN ORDEÑO","0","0","0","0"
"3168","14","362","36.8","Preñ","0","0","0","0","2","Preñ","0","0","VACA","VACAPREÑACTUAL","EN ORDEÑO","0","0","0","0"
"3170","14","317","39.6","Insem","0","0","0","0","0","0","3-09-25","WISEUP","VACA","INSEMINADA","EN ORDEÑO","0","0","0","0"
"3177","14","279","44.2","Insem","0","0","0","0","0","0","22-09-25","WISEUP","VACA","INSEMINADA","EN ORDEÑO","0","0","0","0"
"3189","14","310","45.7","Preñ","0","0","0","0","2","Preñ","0","0","VACA","VACAPREÑACTUAL","EN ORDEÑO","0","0","0","0"
"3193","14","301","33.7","Insem","0","0","0","0","0","0","1-09-25","WISEUP","VACA","INSEMINADA","EN ORDEÑO","0","0","0","0"
"3199","14","353","30.1","Insem","0","0","0","0","0","0","13-09-25","INDEPENDANT","VACA","INSEMINADA","EN ORDEÑO","0","0","0","0"
"3202","14","291","37.8","Insem","0","0","0","0","0","0","15-09-25","WISEUP","VACA","INSEMINADA","EN ORDEÑO","0","0","0","0"
"3205","14","346","40","Preñ","0","0","0","0","2","Preñ","0","0","VACA","VACAPREÑACTUAL","EN ORDEÑO","0","0","0","0"
"3209","14","329","42.2","Preñ","0","0","0","0","2","Preñ","0","0","VACA","VACAPREÑACTUAL","EN ORDEÑO","0","0","0","0"
"3211","14","330","34.5","Insem","0","0","0","0","0","0","1-09-25","INDEPENDANT","VACA","INSEMINADA","EN ORDEÑO","0","0","0","0"
"3215","14","303","46.3","Insem","0","0","0","0","0","0","25-08-25","WISEUP","VACA","INSEMINADA","EN ORDEÑO","0","0","0","0"
"3236","14","276","37.4","Insem","0","0","0","0","0","0","22-09-25","WISEUP","VACA","INSEMINADA","EN ORDEÑO","0","0","0","0"
"2894","15","223","55","Alta","0","0","0","0","0","0","0","0","VACA","VACIA","EN ORDEÑO","0","0","0","0"
"2956","15","226","44.8","Alta","0","0","0","0","0","0","0","0","VACA","VACIA","EN ORDEÑO","0","0","0","0"
"3081","15","259","44.2","Vacia","0","0","0","0","0","0","0","0","VACA","VACIA","EN ORDEÑO","0","0","0","0"
"3090","15","269","47.6","Insem","0","0","0","0","0","0","12-09-25","WISEUP","VACA","INSEMINADA","EN ORDEÑO","0","0","0","0"
"3096","15","273","40.6","Vacia","0","0","0","0","0","0","0","0","VACA","VACIA","EN ORDEÑO","0","0","0","0"
"3125","15","227","45.7","Alta","0","0","0","0","0","0","0","0","VACA","VACIA","EN ORDEÑO","0","0","0","0"
"3192","15","274","38.1","Insem","0","0","0","0","0","0","22-09-25","INDEPENDANT","VACA","INSEMINADA","EN ORDEÑO","0","0","0","0"
"3200","15","272","46","Vacia","0","0","0","0","0","0","0","0","VACA","VACIA","EN ORDEÑO","0","0","0","0"
"3212","15","273","49.6","Insem","0","0","0","0","0","0","12-09-25","WISEUP","VACA","INSEMINADA","EN ORDEÑO","0","0","0","0"
"3214","15","261","44.6","Vacia","0","0","0","0","0","0","0","0","VACA","VACIA","EN ORDEÑO","0","0","0","0"
"3218","15","273","48.2","Vacia","0","0","0","0","0","0","0","0","VACA","VACIA","EN ORDEÑO","0","0","0","0"
"3221","15","274","47.3","Insem","0","0","0","0","0","0","22-09-25","INDEPENDANT","VACA","INSEMINADA","EN ORDEÑO","0","0","0","0"
"3242","15","267","41.1","Vacia","0","0","0","0","0","0","0","0","VACA","VACIA","EN ORDEÑO","0","0","0","0"
"3247","15","222","49.8","Alta","0","0","0","0","0","0","0","0","VACA","VACIA","EN ORDEÑO","0","0","0","0"
"3250","15","272","43.9","Insem","0","0","0","0","0","0","12-09-25","INDEPENDANT","VACA","INSEMINADA","EN ORDEÑO","0","0","0","0"
"2805","16","256","41.2","Vacia","0","0","0","0","0","0","0","0","VACA","VACIA","EN ORDEÑO","0","0","0","0"
"2969","16","233","55.5","Alta","0","0","0","0","0","0","0","0","VACA","VACIA","EN ORDEÑO","0","0","0","0"
"3033","16","254","47.7","Vacia","0","0","0","0","0","0","0","0","VACA","VACIA","EN ORDEÑO","0","0","0","0"
"3052","16","252","43.6","Alta","0","0","0","0","0","0","0","0","VACA","VACIA","EN ORDEÑO","0","0","0","0"
"3080","16","258","45.9","Vacia","0","0","0","0","0","0","0","0","VACA","VACIA","EN ORDEÑO","0","0","0","0"
"3094","16","249","50.8","Alta","0","0","0","0","0","0","0","0","VACA","VACIA","EN ORDEÑO","0","0","0","0"
"3106","16","237","49.8","Alta","0","0","0","0","0","0","0","0","VACA","VACIA","EN ORDEÑO","0","0","0","0"
"3107","16","257","33.5","Vacia","0","0","0","0","0","0","0","0","VACA","VACIA","EN ORDEÑO","0","0","0","0"
"3152","16","244","52.4","Alta","0","0","0","0","0","0","0","0","VACA","VACIA","EN ORDEÑO","0","0","0","0"
"3184","16","256","43.3","Vacia","0","0","0","0","0","0","0","0","VACA","VACIA","EN ORDEÑO","0","0","0","0"
"3203","16","233","42.5","Alta","0","0","0","0","0","0","0","0","VACA","VACIA","EN ORDEÑO","0","0","0","0"
"3224","16","249","42.6","Alta","0","0","0","0","0","0","0","0","VACA","VACIA","EN ORDEÑO","0","0","0","0"
"3227","16","255","38.1","Vacia","0","0","0","0","0","0","0","0","VACA","VACIA","EN ORDEÑO","0","0","0","0"
"3244","16","241","44.5","Alta","0","0","0","0","0","0","0","0","VACA","VACIA","EN ORDEÑO","0","0","0","0"
"3246","16","264","36.9","Insem","0","0","0","0","0","0","19-09-25","INDEPENDANT","VACA","INSEMINADA","EN ORDEÑO","0","0","0","0"
"3255","16","231","42.7","Alta","0","0","0","0","0","0","0","0","VACA","VACIA","EN ORDEÑO","0","0","0","0"
"3259","16","249","38.5","Alta","0","0","0","0","0","0","0","0","VACA","VACIA","EN ORDEÑO","0","0","0","0"
"3261","16","240","42.2","Alta","0","0","0","0","0","0","0","0","VACA","VACIA","EN ORDEÑO","0","0","0","0"
"3262","16","237","44.4","Alta","0","0","0","0","0","0","0","0","VACA","VACIA","EN ORDEÑO","0","0","0","0"
"2770","17","277","40.8","Insem","0","0","0","0","0","0","22-09-25","WISEUP","VACA","INSEMINADA","EN ORDEÑO","0","0","0","0"
"2843","17","348","40.1","Matar","0","0","0","0","0","0","0","0","VACA","VACIA","EN ORDEÑO","0","0","0","0"
"2886","17","259","30.4","Vacia","0","0","0","0","0","0","0","0","VACA","VACIA","EN ORDEÑO","0","0","0","0"
"2891","17","216","38.1","Alta","0","0","0","0","0","0","0","0","VACA","VACIA","EN ORDEÑO","0","0","0","0"
"2927","17","265","33.7","Vacia","0","0","0","0","0","0","0","0","VACA","VACIA","EN ORDEÑO","0","0","0","0"
"3041","17","310","41.6","Insem","0","0","0","0","0","0","10-09-25","INDEPENDANT","VACA","INSEMINADA","EN ORDEÑO","0","0","0","0"
"3111","17","239","53.8","Alta","0","0","0","0","0","0","0","0","VACA","VACIA","EN ORDEÑO","0","0","0","0"
"3120","17","377","36.5","Preñ","0","0","0","0","2","Preñ","0","0","VACA","VACAPREÑACTUAL","EN ORDEÑO","0","0","0","0"
"3280","17","441","34","Preñ","0","0","0","0","1","Preñ","0","0","VACA","VACAPREÑACTUAL","EN ORDEÑO","0","0","0","0"
"3323","17","417","25.6","Preñ","0","0","0","0","1","Preñ","0","0","VACA","VACAPREÑACTUAL","EN ORDEÑO","0","0","0","0"
"3393","17","217","33","Alta","0","0","0","0","0","0","0","0","VACA","VACIA","EN ORDEÑO","0","0","0","0"
"2991","18","528","31.3","Preñ2","0","0","0","0","0","0","0","0","VACA","VACIA","EN ORDEÑO","0","0","0","0"
"3174","18","518","27.2","Preñ","0","0","0","0","2","Preñ","0","0","VACA","VACAPREÑACTUAL","EN ORDEÑO","0","0","0","0"
"3207","18","611","14.8","Preñ2","0","0","0","0","0","0","0","0","VACA","VACIA","EN ORDEÑO","0","0","0","0"
"3231","18","468","32.4","Preñ2","0","0","0","0","0","0","0","0","VACA","VACIA","EN ORDEÑO","0","0","0","0"
"3276","18","437","38.3","Preñ","0","0","0","0","1","Preñ","0","0","VACA","VACAPREÑACTUAL","EN ORDEÑO","0","0","0","0"
"3286","18","446","36.7","Preñ2","0","0","0","0","0","0","0","0","VACA","VACIA","EN ORDEÑO","0","0","0","0"
"3288","18","448","32.9","Preñ2","0","0","0","0","0","0","0","0","VACA","VACIA","EN ORDEÑO","0","0","0","0"
"3289","18","460","30.2","Preñ2","0","0","0","0","0","0","0","0","VACA","VACIA","EN ORDEÑO","0","0","0","0"
"3290","18","491","32.8","Preñ","0","0","0","0","1","Preñ","0","0","VACA","VACAPREÑACTUAL","EN ORDEÑO","0","0","0","0"
"3292","18","436","38.6","Abort","0","0","0","0","0","0","0","0","VACA","VACIA","EN ORDEÑO","0","0","0","0"
"3295","18","469","30.3","Preñ2","0","0","0","0","0","0","0","0","VACA","VACIA","EN ORDEÑO","0","0","0","0"
"3297","18","473","23","Preñ2","0","0","0","0","0","0","0","0","VACA","VACIA","EN ORDEÑO","0","0","0","0"
"3299","18","443","32.7","Preñ2","0","0","0","0","0","0","0","0","VACA","VACIA","EN ORDEÑO","0","0","0","0"
"3306","18","429","32.6","Preñ2","0","0","0","0","0","0","0","0","VACA","VACIA","EN ORDEÑO","0","0","0","0"
"3307","18","433","29.6","Preñ2","0","0","0","0","0","0","0","0","VACA","VACIA","EN ORDEÑO","0","0","0","0"
"3311","18","434","25","Preñ","0","0","0","0","1","Preñ","0","0","VACA","VACAPREÑACTUAL","EN ORDEÑO","0","0","0","0"
"3319","18","431","34.7","Preñ2","0","0","0","0","0","0","0","0","VACA","VACIA","EN ORDEÑO","0","0","0","0"
"3322","18","416","32.9","Preñ2","0","0","0","0","0","0","0","0","VACA","VACIA","EN ORDEÑO","0","0","0","0"
"3332","18","351","31.3","Preñ","0","0","0","0","1","Preñ","0","0","VACA","VACAPREÑACTUAL","EN ORDEÑO","0","0","0","0"
"3341","18","376","36.2","Preñ","0","0","0","0","1","Preñ","0","0","VACA","VACAPREÑACTUAL","EN ORDEÑO","0","0","0","0"
"3351","18","365","33.1","Preñ","0","0","0","0","1","Preñ","0","0","VACA","VACAPREÑACTUAL","EN ORDEÑO","0","0","0","0"
"3352","18","361","31.6","Preñ","0","0","0","0","1","Preñ","0","0","VACA","VACAPREÑACTUAL","EN ORDEÑO","0","0","0","0"
"3298","19","316","38.5","Preñ","0","0","0","0","1","Preñ","0","0","VACA","VACAPREÑACTUAL","EN ORDEÑO","0","0","0","0"
"3308","19","340","36.9","Preñ","0","0","0","0","1","Preñ","0","0","VACA","VACAPREÑACTUAL","EN ORDEÑO","0","0","0","0"
"3339","19","284","33.9","Insem","0","0","0","0","0","0","23-09-25","INDEPENDANT","VACA","INSEMINADA","EN ORDEÑO","0","0","0","0"
"3340","19","325","34.8","Preñ","0","0","0","0","1","Preñ","0","0","VACA","VACAPREÑACTUAL","EN ORDEÑO","0","0","0","0"
"3346","19","297","41","Insem","0","0","0","0","0","0","1-09-25","INDEPENDANT","VACA","INSEMINADA","EN ORDEÑO","0","0","0","0"
"3350","19","337","29.9","Preñ","0","0","0","0","1","Preñ","0","0","VACA","VACAPREÑACTUAL","EN ORDEÑO","0","0","0","0"
"3353","19","311","43.2","Vacia","0","0","0","0","0","0","0","0","VACA","VACIA","EN ORDEÑO","0","0","0","0"
"3354","19","322","42.9","Preñ","0","0","0","0","1","Preñ","0","0","VACA","VACAPREÑACTUAL","EN ORDEÑO","0","0","0","0"
"3356","19","348","30.8","Preñ","0","0","0","0","1","Preñ","0","0","VACA","VACAPREÑACTUAL","EN ORDEÑO","0","0","0","0"
"3358","19","333","28.9","Preñ","0","0","0","0","1","Preñ","0","0","VACA","VACAPREÑACTUAL","EN ORDEÑO","0","0","0","0"
"3360","19","328","37.1","Preñ","0","0","0","0","1","Preñ","0","0","VACA","VACAPREÑACTUAL","EN ORDEÑO","0","0","0","0"
"3363","19","312","21.2","Preñ","0","0","0","0","1","Preñ","0","0","VACA","VACAPREÑACTUAL","EN ORDEÑO","0","0","0","0"
"3364","19","306","38","Insem","0","0","0","0","0","0","25-08-25","DOC","VACA","INSEMINADA","EN ORDEÑO","0","0","0","0"
"3369","19","325","38.2","Preñ","0","0","0","0","1","Preñ","0","0","VACA","VACAPREÑACTUAL","EN ORDEÑO","0","0","0","0"
"3372","19","302","35.1","Insem","0","0","0","0","0","0","25-08-25","DOC","VACA","INSEMINADA","EN ORDEÑO","0","0","0","0"
"3376","19","298","34.9","Insem","0","0","0","0","0","0","23-09-25","WISEUP","VACA","INSEMINADA","EN ORDEÑO","0","0","0","0"
"3379","19","292","38.7","Insem","0","0","0","0","0","0","8-09-25","INDEPENDANT","VACA","INSEMINADA","EN ORDEÑO","0","0","0","0"
"3380","19","293","41","Insem","0","0","0","0","0","0","15-09-25","INDEPENDANT","VACA","INSEMINADA","EN ORDEÑO","0","0","0","0"
"2869","25","579","29.2","Preñ","0","0","0","0","3","Preñ","0","0","VACA","VACAPREÑACTUAL","EN ORDEÑO","0","0","0","0"
"2912","25","573","35.3","Preñ","0","0","0","0","3","Preñ","0","0","VACA","VACAPREÑACTUAL","EN ORDEÑO","0","0","0","0"
"2987","25","577","27.5","Preñ","0","0","0","0","3","Preñ","0","0","VACA","VACAPREÑACTUAL","EN ORDEÑO","0","0","0","0"
"3058","25","655","24.8","Preñ2","0","0","0","0","0","0","0","0","VACA","VACIA","EN ORDEÑO","0","0","0","0"
"3197","25","694","25.6","Preñ2","0","0","0","0","0","0","0","0","VACA","VACIA","EN ORDEÑO","0","0","0","0"
"3251","25","540","32.2","Insem","0","0","0","0","0","0","15-09-25","PASSPORT","VACA","INSEMINADA","EN ORDEÑO","0","0","0","0"
"3269","25","528","29.9","Insem","0","0","0","0","0","0","25-08-25","INDEPENDANT","VACA","INSEMINADA","EN ORDEÑO","0","0","0","0"
"3272","25","538","30.6","Matar","0","0","0","0","0","0","0","0","VACA","VACIA","EN ORDEÑO","0","0","0","0"
"3275","25","523","30.6","Preñ2","0","0","0","0","0","0","0","0","VACA","VACIA","EN ORDEÑO","0","0","0","0"
"3279","25","530","31.6","Matar","0","0","0","0","0","0","0","0","VACA","VACIA","EN ORDEÑO","0","0","0","0"
"3282","25","517","23.9","Preñ","0","0","0","0","1","Preñ","0","0","VACA","VACAPREÑACTUAL","EN ORDEÑO","0","0","0","0"
"3283","25","515","30.1","Preñ","0","0","0","0","1","Preñ","0","0","VACA","VACAPREÑACTUAL","EN ORDEÑO","0","0","0","0"
"3314","25","381","33","Abort","0","0","0","0","0","0","0","0","VACA","VACIA","EN ORDEÑO","0","0","0","0"
"3317","25","374","33.4","Insem","0","0","0","0","0","0","6-09-25","INDEPENDANT","VACA","INSEMINADA","EN ORDEÑO","0","0","0","0"
"3320","25","409","40.1","Preñ","0","0","0","0","1","Preñ","0","0","VACA","VACAPREÑACTUAL","EN ORDEÑO","0","0","0","0"
"3324","25","404","32.7","Preñ","0","0","0","0","1","Preñ","0","0","VACA","VACAPREÑACTUAL","EN ORDEÑO","0","0","0","0"
"3326","25","365","30.8","Preñ","0","0","0","0","1","Preñ","0","0","VACA","VACAPREÑACTUAL","EN ORDEÑO","0","0","0","0"
"3334","25","404","23.4","Preñ2","0","0","0","0","0","0","0","0","VACA","VACIA","EN ORDEÑO","0","0","0","0"
"3335","25","386","38","Preñ","0","0","0","0","1","Preñ","0","0","VACA","VACAPREÑACTUAL","EN ORDEÑO","0","0","0","0"
"3338","25","391","34","Preñ","0","0","0","0","1","Preñ","0","0","VACA","VACAPREÑACTUAL","EN ORDEÑO","0","0","0","0"
"3232","0","0","0","0","Prepa","16-07-25","250","SHADO","1","Prepa","0","0","VACA","VACAPREÑACTUAL","SECA","0","0","0","0"
"2913","0","0","0","0","Prepa","16-07-25","250","SHADO","3","Prepa","0","0","VACA","VACAPREÑACTUAL","SECA","0","0","0","0"
"3000","0","0","0","0","Prepa","21-07-25","245","JEREMY","3","Prepa","0","0","VACA","VACAPREÑACTUAL","SECA","0","0","0","0"
"3266","0","0","0","0","Prepa","6-08-25","229","GAP XING","1","Prepa","0","0","VACA","VACAPREÑACTUAL","SECA","0","0","0","0"
"3271","0","0","0","0","Prepa","11-08-25","224","RENEGADE","1","Prepa","0","0","VACA","VACAPREÑACTUAL","SECA","0","0","0","0"
"3123","0","0","0","0","Prepa","6-08-25","229","JEREMY","2","Prepa","0","0","VACA","VACAPREÑACTUAL","SECA","0","0","0","0"
"3122","0","0","0","0","Prepa","21-07-25","245","SHADO","2","Prepa","0","0","VACA","VACAPREÑACTUAL","SECA","0","0","0","0"
"2656","0","0","0","0","Prepa","20-08-25","215","GAP XING","5","Prepa","0","0","VACA","VACAPREÑACTUAL","SECA","0","0","0","0"
"3277","0","0","0","0","Seca","11-08-25","224","RENEGADE","1","Seca","0","0","VACA","VACAPREÑACTUAL","SECA","0","0","0","0"
"3110","0","0","0","0","Seca","21-07-25","245","JEREMY","2","Seca","0","0","VACA","VACAPREÑACTUAL","SECA","0","0","0","0"
"3260","0","0","0","0","Seca","11-08-25","224","STARLORD","1","Seca","0","0","VACA","VACAPREÑACTUAL","SECA","0","0","0","0"
"3087","0","0","0","0","Seca","11-08-25","224","JEREMY","2","Seca","0","0","VACA","VACAPREÑACTUAL","SECA","0","0","0","0"
"3065","0","0","0","0","Seca","21-07-25","245","JEREMY","2","Seca","0","0","VACA","VACAPREÑACTUAL","SECA","0","0","0","0"
"3252","0","0","0","0","Seca","3-09-25","201","JEREMY","1","Seca","0","0","VACA","VACAPREÑACTUAL","SECA","0","0","0","0"
"2827","0","0","0","0","Seca","3-09-25","201","RENEGADE","4","Seca","0","0","VACA","VACAPREÑACTUAL","SECA","0","0","0","0"
"3256","0","0","0","0","Seca","3-09-25","201","GAP XING","1","Seca","0","0","VACA","VACAPREÑACTUAL","SECA","0","0","0","0"
"3533","77","0","0","0","0","0","0","0","0","0","0","0","RECRÍA","VACIA","DESARROLLO","16-08-24","19.2","Tern","KING ROYA HARDY            120"
"3549","35","0","0","0","0","0","0","0","0","0","0","0","RECRÍA","VACIA","DESARROLLO","17-09-24","18.1","Tern","HANCOCK   CAPTIVATI          0"
"3550","35","0","0","0","0","0","0","0","0","0","0","0","RECRÍA","VACIA","DESARROLLO","21-09-24","18","Tern","BARNABAS ENSIGN SE           0"
"3551","35","0","0","0","0","0","0","0","0","0","0","0","RECRÍA","VACIA","DESARROLLO","29-09-24","17.7","Tern","HANANS SE REVOLUTIO        100"
"3552","35","0","0","0","0","0","0","0","0","0","0","0","RECRÍA","VACIA","DESARROLLO","1-10-24","17.7","Tern","ALL STAR REVOLUTIO         110"
"3553","35","0","0","0","0","0","0","0","0","0","0","0","RECRÍA","VACIA","DESARROLLO","2-10-24","17.6","Tern","REMINGTON LUCKY SEV        100"
"3554","35","0","0","0","0","0","0","0","0","0","0","0","RECRÍA","VACIA","DESARROLLO","3-10-24","17.6","Tern","ALL STAR REVOLUTIO         120"
"3556","35","0","0","0","0","0","0","0","0","0","0","0","RECRÍA","VACIA","DESARROLLO","9-10-24","17.4","Tern","FURY      REVOLUTIO        120"
"3558","35","0","0","0","0","0","0","0","0","0","0","0","RECRÍA","VACIA","DESARROLLO","11-10-24","17.3","Tern","HUMBLENKI LUCKY SEV        120"
"3557","35","0","0","0","0","0","0","0","0","0","0","0","RECRÍA","VACIA","DESARROLLO","11-10-24","17.3","Tern","ALPHABET REVOLUTIO         110"
"3559","35","0","0","0","0","0","0","0","0","0","0","0","RECRÍA","VACIA","DESARROLLO","16-10-24","17.2","Tern","ALL STAR REVOLUTIO         120"
"3560","35","0","0","0","0","0","0","0","0","0","0","0","RECRÍA","VACIA","DESARROLLO","21-10-24","17","Tern","AL´HABET CAPTIVATI          90"
"3561","77","0","0","0","0","0","0","0","0","0","0","0","RECRÍA","VACIA","DESARROLLO","22-10-24","17","Tern","ALPHABET REVOLUTIO         120"
"3562","35","0","0","0","0","0","0","0","0","0","0","0","RECRÍA","VACIA","DESARROLLO","24-10-24","16.9","Tern","ALPHABET REVOLUTIO         120"
"3563","35","0","0","0","0","0","0","0","0","0","0","0","RECRÍA","VACIA","DESARROLLO","26-10-24","16.9","Tern","KENOSHA   CAPTIVATI        110"
"3564","35","0","0","0","0","0","0","0","0","0","0","0","RECRÍA","VACIA","DESARROLLO","29-10-24","16.8","Tern","ALPHABET REVOLUTIO         100"
"3565","35","0","0","0","0","0","0","0","0","0","0","0","RECRÍA","VACIA","DESARROLLO","30-10-24","16.7","Tern","ALPHABET REVOLUTIO         120"
"3566","35","0","0","0","0","0","0","0","0","0","0","0","RECRÍA","VACIA","DESARROLLO","31-10-24","16.7","Tern","KING ROYA IZREAL           100"
"3567","35","0","0","0","0","0","0","0","0","0","0","0","RECRÍA","VACIA","DESARROLLO","3-11-24","16.6","Tern","ALL STAR REVOLUTIO         120"
"3568","35","0","0","0","0","0","0","0","0","0","0","0","RECRÍA","VACIA","DESARROLLO","17-11-24","16.1","Tern","MAGELLAN REVOLUTIO           0"
"3569","35","0","0","0","0","0","0","0","0","0","0","0","RECRÍA","VACIA","DESARROLLO","2-12-24","15.6","Tern","HANANS SE REVOLUTIO        100"
"3570","35","0","0","0","0","0","0","0","0","0","0","0","RECRÍA","VACIA","DESARROLLO","5-12-24","15.5","Tern","EXPECTANT REVOLUTIO         80"
"3571","35","0","0","0","0","0","0","0","0","0","0","0","RECRÍA","VACIA","DESARROLLO","6-12-24","15.5","Tern","REVELATIO REVOLUTIO         85"
"93413","21","0","0","0","0","0","0","0","0","0","0","0","RECRÍA","VACIA","DESARROLLO","7-12-24","15.5","Tern","KINGBOY S MELLENCAM         95"
"3572","35","0","0","0","0","0","0","0","0","0","0","0","RECRÍA","VACIA","DESARROLLO","9-12-24","15.4","Tern","EXPECTANT REVOLUTIO         90"
"3573","35","0","0","0","0","0","0","0","0","0","0","0","RECRÍA","VACIA","DESARROLLO","10-12-24","15.4","Tern","ALPHABET FIGARO            100"
"3574","23","0","0","0","0","0","0","0","0","0","0","0","RECRÍA","VACIA","DESARROLLO","18-12-24","15.1","Tern","REVELATIO MOUNTAINE        110"
"3575","23","0","0","0","0","0","0","0","0","0","0","0","RECRÍA","VACIA","DESARROLLO","18-12-24","15.1","Tern","ALPHABET MOUNTAINE         100"
"3576","23","0","0","0","0","0","0","0","0","0","0","0","RECRÍA","VACIA","DESARROLLO","21-12-24","15","Tern","EXPECTANT MOUNTAINE        100"
"3577","23","0","0","0","0","0","0","0","0","0","0","0","RECRÍA","VACIA","DESARROLLO","21-12-24","15","Tern","ALPHABET MOUNTAINE         100"
"3578","23","0","0","0","0","0","0","0","0","0","0","0","RECRÍA","VACIA","DESARROLLO","21-12-24","15","Tern","ZZ TOP    MOUNTAINE         10"
