"ID_Vaca","Grupo","Estatus","DIM","Leche_AM","Leche_Total","Leche_Anterior","Variacion","CCS","Casos_Mastitis","Ultimo_Tratamiento","Proxima_Revision","Ultimo_Evento_Vet","Toro","Cant_Insem","Fecha_Insem","Dias_Faltan","IEP","Servicios","Categoria","Estatus_Repro","Conteo_Mastitis","Año","Mes","Ubicacion"
"2833","4","Preñ2","532","12.83","24.5","24.4","-0.19","13565","2","NEO4+ENRO6",NA,NA,NA,NA,NA,NA,NA,NA,"Vaca","Abierta/Vacia","2",2025,"Julio","7PULILI"
"2871","4","Matar","551","13.23","25.4","24","-0.47","13876","3","NEO4+ENRO6",NA,NA,NA,NA,NA,NA,"0","7","Vaca","Abierta/Vacia","3",2025,"Julio","7PULILI"
"2942","4","Insem","398","19.52","38.1","35.6","-0.53","7950",NA,NA,NA,NA,"INDEPENDANT","3","1-09-25",NA,"474","3","Vaca","Inseminada/Preñada","0",2025,"Julio","7PULILI"
"2950","4","Preñ","408","17.4","35","34","-0.29","8718","1","ENRO3        ENROLA2+MULT5","26-02-26","AVF BOVIS PREPA",NA,NA,NA,NA,NA,NA,"Vaca","Abierta/Vacia","1",2025,"Julio","7PULILI"
"2995","4","Preñ2","549","13.28","26.8","26","-0.23","12869","3","NEO4+ENR6+ANT4",NA,NA,NA,NA,NA,NA,NA,NA,"Vaca","Abierta/Vacia","3",2025,"Julio","7PULILI"
"3023","4","Preñ2","410","20.01","37.9","28.9","-3.19","7933","2","BIO4+ENRO6","30-01-26","VACUNA",NA,NA,NA,NA,NA,NA,"Vaca","Abierta/Vacia","2",2025,"Julio","7PULILI"
"3047","4","Preñ","537","16","33.1","31.7","0.01","14132",NA,NA,"21-02-26","PREPARTO",NA,NA,NA,"-1",NA,NA,"Vaca","Abierta/Vacia","0",2025,"Julio","7PULILI"
"3117","4","Insem","394","19.71","38.3","36.6","-0.43","7601","1","BIO4+ENRO6",NA,NA,"INDEPENDANT","3","1-09-25",NA,"470","3","Vaca","Inseminada/Preñada","1",2025,"Julio","7PULILI"
"3134","4","Preñ","405","16.68","34.2","32.3","-0.1","7548",NA,NA,"12-02-26","AVF BOVIS PREPA",NA,NA,NA,NA,NA,NA,"Vaca","Abierta/Vacia","0",2025,"Julio","7PULILI"
"3143","4","Preñ2","412","17.85","36.5","35","-0.23","7854","1","BI4+EN6+NE4+AN6","24-01-26","PREPARTO",NA,NA,NA,"-29",NA,NA,"Vaca","Abierta/Vacia","1",2025,"Julio","7PULILI"
"3144","4","Preñ","471","12.61","24.2","23.2","-0.03","8602",NA,NA,"22-02-26","PREPARTO",NA,NA,NA,"0",NA,NA,"Vaca","Abierta/Vacia","0",2025,"Julio","7PULILI"
"3163","4","Preñ","401","17.5","34.3","34.3","-0.24","7311","3","NEO4+ENRO6","17-01-26","VACUNA",NA,NA,NA,"4",NA,NA,"Vaca","Abierta/Vacia","3",2025,"Julio","7PULILI"
"3169","4","Preñ","439","16.37","33.3","32.3","-0.2","9256",NA,NA,"22-02-26","PREPARTO",NA,NA,NA,"0",NA,NA,"Vaca","Abierta/Vacia","0",2025,"Julio","7PULILI"
"3367","6","Alta","217","14.1","31.6","33","-0.34","736",NA,NA,NA,NA,NA,NA,NA,NA,NA,NA,"Vaca","Abierta/Vacia","0",2025,"Julio","7PULILI"
"3374","6","Alta","240","18.1","35.3","34.8","-0.43","1522",NA,NA,NA,NA,NA,NA,NA,NA,NA,NA,"Vaca","Abierta/Vacia","0",2025,"Julio","7PULILI"
"3392","6","Alta","210","14.24","27.9","26.6","0.47","375",NA,NA,NA,NA,NA,NA,NA,NA,NA,NA,"Vaca","Abierta/Vacia","0",2025,"Julio","7PULILI"
"3394","6","Alta","232","18.71","37.6","36.6","0.02","1166",NA,NA,NA,NA,NA,NA,NA,NA,NA,NA,"Vaca","Abierta/Vacia","0",2025,"Julio","7PULILI"
"3396","6","Alta","212","13.84","28","27.3","0.27","521",NA,NA,NA,NA,NA,NA,NA,NA,NA,NA,"Vaca","Abierta/Vacia","0",2025,"Julio","7PULILI"
"3402","6","Alta","233","14.04","28.1","26.9","0.09","605","1","NEO3+ENRO7",NA,NA,NA,NA,NA,NA,NA,NA,"Vaca","Abierta/Vacia","1",2025,"Julio","7PULILI"
"3403","6","Alta","231","21.08","40.5","40.1","-0.09","1417",NA,NA,NA,NA,NA,NA,NA,NA,NA,NA,"Vaca","Abierta/Vacia","0",2025,"Julio","7PULILI"
"3404","6","Alta","224","16.65","32","30.5","0.05","727",NA,NA,NA,NA,NA,NA,NA,NA,NA,NA,"Vaca","Abierta/Vacia","0",2025,"Julio","7PULILI"
"3405","6","Alta","226","16.78","30.2","29.4","-0.21","881",NA,NA,NA,NA,NA,NA,NA,NA,NA,NA,"Vaca","Abierta/Vacia","0",2025,"Julio","7PULILI"
"3411","6","Alta","207","16.46","31.7","30.5","0.13","435",NA,NA,NA,NA,NA,NA,NA,NA,NA,NA,"Vaca","Abierta/Vacia","0",2025,"Julio","7PULILI"
"3412","6","Alta","204","18.7","38.3","38.1","0.53","502",NA,NA,NA,NA,NA,NA,NA,NA,NA,NA,"Vaca","Abierta/Vacia","0",2025,"Julio","7PULILI"
"3413","6","Alta","199","13.63","26.6","27.1","0.56","115",NA,NA,NA,NA,NA,NA,NA,NA,NA,NA,"Vaca","Abierta/Vacia","0",2025,"Julio","7PULILI"
"3343","8","Alta","243","18.86","39.5","39.2","-0.29","1749",NA,NA,NA,NA,NA,NA,NA,NA,NA,NA,"Vaca","Abierta/Vacia","0",2025,"Julio","7PULILI"
"3355","8","Insem","283","19.82","39.8","39","-0.08","2533",NA,NA,NA,NA,"WISEUP","1","15-09-25",NA,"373","1","Vaca","Inseminada/Preñada","0",2025,"Julio","7PULILI"
"3365","8","Insem","277","19.57","38.9","37.7","-0.16","2011",NA,NA,NA,NA,"INDEPENDANT","1","22-09-25",NA,"374","1","Vaca","Inseminada/Preñada","0",2025,"Julio","7PULILI"
"3370","8","Alta","243","16.35","33.3","33.2","-0.18","1442",NA,NA,NA,NA,NA,NA,NA,NA,NA,NA,"Vaca","Abierta/Vacia","0",2025,"Julio","7PULILI"
"3377","8","Vacia","270","16.37","32.9","31.7","-0.06","2128",NA,NA,NA,NA,NA,NA,NA,NA,NA,NA,"Vaca","Abierta/Vacia","0",2025,"Julio","7PULILI"
"3381","8","Vacia","265","16.7","33.6","33.3","1.54","2053",NA,NA,NA,NA,NA,NA,NA,NA,NA,NA,"Vaca","Abierta/Vacia","0",2025,"Julio","7PULILI"
"3386","8","Insem","272","17.71","34.7","33.2","0.61","1965",NA,NA,NA,NA,"INDEPENDANT","1","12-09-25",NA,"359","1","Vaca","Inseminada/Preñada","0",2025,"Julio","7PULILI"
"3387","8","Vacia","254","16.93","33.5","32","-0.77","1870",NA,NA,NA,NA,NA,NA,NA,NA,NA,NA,"Vaca","Abierta/Vacia","0",2025,"Julio","7PULILI"
"3391","8","Vacia","255","15.86","32.3","32.4","-0.25","1697",NA,NA,NA,NA,NA,NA,NA,NA,NA,NA,"Vaca","Abierta/Vacia","0",2025,"Julio","7PULILI"
"3395","8","Vacia","254","14.55","32.8","31.5","0.2","1515",NA,NA,NA,NA,NA,NA,NA,NA,NA,NA,"Vaca","Abierta/Vacia","0",2025,"Julio","7PULILI"
"3398","8","Alta","251","17.16","33.4","34.3","-0.42","1768",NA,NA,NA,NA,NA,NA,NA,NA,NA,NA,"Vaca","Abierta/Vacia","0",2025,"Julio","7PULILI"
"3399","8","Vacia","260","17.34","35.6","34.3","-0.01","2233",NA,NA,NA,NA,NA,NA,NA,NA,NA,NA,"Vaca","Abierta/Vacia","0",2025,"Julio","7PULILI"
"3400","8","Alta","248","12.09","27.1","27.3","-0.11","1405",NA,NA,NA,NA,NA,NA,NA,NA,NA,NA,"Vaca","Abierta/Vacia","0",2025,"Julio","7PULILI"
"3401","8","Alta","242","15.14","30.5","31.3","-0.64","1330",NA,NA,NA,NA,NA,NA,NA,NA,NA,NA,"Vaca","Abierta/Vacia","0",2025,"Julio","7PULILI"
"2694","9","Alta","206","8","21","23.3","-0.61","155","3","NEO4+ENRO5",NA,NA,NA,NA,NA,NA,NA,NA,"Vaca","Abierta/Vacia","3",2025,"Julio","7PULILI"
"3104","9","Alta","250","13.5","37.5","40.6","1.23","1202",NA,NA,NA,NA,NA,NA,NA,NA,NA,NA,"Vaca","Abierta/Vacia","0",2025,"Julio","7PULILI"
"3222","9","Alta","185","10.6","27.6","30.1","0.08","35",NA,NA,NA,NA,NA,NA,NA,NA,NA,NA,"Vaca","Abierta/Vacia","0",2025,"Julio","7PULILI"
"3228","9","Alta","198","16","41","43.1","0.72","115",NA,NA,NA,NA,NA,NA,NA,NA,NA,NA,"Vaca","Abierta/Vacia","0",2025,"Julio","7PULILI"
"3265","9","Alta","205","16.6","36.1","36.3","-0.03","227",NA,NA,NA,NA,NA,NA,NA,NA,NA,NA,"Vaca","Abierta/Vacia","0",2025,"Julio","7PULILI"
"3345","9","Vacia","326","4","12","19.1","-2.12","3056",NA,NA,NA,NA,NA,NA,NA,NA,NA,NA,"Vaca","Abierta/Vacia","0",2025,"Julio","7PULILI"
"3385","9","Alta","191","9.5","24.2","24.4","0","61",NA,NA,NA,NA,NA,NA,NA,NA,NA,NA,"Vaca","Abierta/Vacia","0",2025,"Julio","7PULILI"
"3414","9","Alta","184","9","22","24","0","22",NA,NA,NA,NA,NA,NA,NA,NA,NA,NA,"Vaca","Abierta/Vacia","0",2025,"Julio","7PULILI"
"3415","9","Alta","191","6.5","15","14.2","0","35",NA,NA,NA,NA,NA,NA,NA,NA,NA,NA,"Vaca","Abierta/Vacia","0",2025,"Julio","7PULILI"
"3171","10","Alta","248","17.7","42.7","44.6","-0.31","2496",NA,NA,NA,NA,NA,NA,NA,NA,NA,NA,"Vaca","Abierta/Vacia","0",2025,"Julio","7PULILI"
"3172","10","Preñ","387","17","37","36.6","0.17","7400","2","NEO4+ENRO6","14-02-26","PREPARTO",NA,NA,NA,"-8",NA,NA,"Vaca","Abierta/Vacia","2",2025,"Julio","7PULILI"
"3361","10","Preñ","323","13","28.5","32.6","-0.41","4288",NA,NA,"12-03-26","AVF BOVIS PREPA",NA,NA,NA,NA,NA,NA,"Vaca","Abierta/Vacia","0",2025,"Julio","7PULILI"
"3366","10","Preñ","338","12","31","36.3","0.26","4368",NA,NA,"12-03-26","AVF BOVIS PREPA",NA,NA,NA,NA,NA,NA,"Vaca","Abierta/Vacia","0",2025,"Julio","7PULILI"
"3390","10","Alta","226","14.3","36.3","39.4","1.65","1185",NA,NA,NA,NA,NA,NA,NA,NA,NA,NA,"Vaca","Abierta/Vacia","0",2025,"Julio","7PULILI"
"2811","11","Vacia","258","13.44","36.5","39.7","-2.36","3068",NA,NA,NA,NA,NA,NA,NA,NA,NA,NA,"Vaca","Abierta/Vacia","0",2025,"Julio","7PULILI"
"2867","11","Preñ","528","14.53","31","30.3","-0.15","13400","1","NEO4+ENRO12","9-02-26","SECADO",NA,NA,NA,NA,NA,NA,"Vaca","Abierta/Vacia","1",2025,"Julio","7PULILI"
"2972","11","Insem","325","19.07","40.5","41.5","-0.33","5916","1","BIO4+ENRO6+ANT4",NA,NA,"WISEUP","2","12-09-25",NA,"412","2","Vaca","Inseminada/Preñada","1",2025,"Julio","7PULILI"
"3020","11","Insem","289","21.42","42.8","40.4","-0.24","4032","1","NEOG4+ENRO5",NA,NA,"WISEUP","1","8-09-25",NA,"372","1","Vaca","Inseminada/Preñada","1",2025,"Julio","7PULILI"
"3043","11","Vacia","314","23.21","45.8","43.9","0.11","5055","6","MEL4+GENT7",NA,NA,NA,NA,NA,NA,NA,NA,"Vaca","Abierta/Vacia","6",2025,"Julio","7PULILI"
"3066","11","Alta","236","22.44","43.7","42.6","0.28","1606",NA,NA,NA,NA,NA,NA,NA,NA,NA,NA,"Vaca","Abierta/Vacia","0",2025,"Julio","7PULILI"
"3076","11","Preñ2","577","12.09","24.4","18","-1.03","12103",NA,NA,"25-01-26","VACUNA",NA,NA,NA,NA,NA,NA,"Vaca","Abierta/Vacia","0",2025,"Julio","7PULILI"
"3145","11","Preñ","312","17.39","35.7","34.7","0.18","4017",NA,NA,"26-02-26","AVF BOVIS PREPA",NA,NA,NA,NA,NA,NA,"Vaca","Abierta/Vacia","0",2025,"Julio","7PULILI"
"3157","11","Preñ","370","20.09","41","39.5","-0.2","7412",NA,NA,"19-01-26","VACUNA",NA,NA,NA,"6",NA,NA,"Vaca","Abierta/Vacia","0",2025,"Julio","7PULILI"
"3161","11","Insem","405","13.36","27.9","27.7","-0.4","6727",NA,NA,NA,NA,"WISEUP","3","1-09-25",NA,"481","3","Vaca","Inseminada/Preñada","0",2025,"Julio","7PULILI"
"3321","11","Insem","288","19.96","41.1","41.1","-0.04","3397",NA,NA,NA,NA,"INDEPENDANT","1","8-09-25",NA,"371","1","Vaca","Inseminada/Preñada","0",2025,"Julio","7PULILI"
"3325","11","Vacia","261","16.55","33.7","32.8","0.1","2152",NA,NA,NA,NA,NA,NA,NA,NA,NA,NA,"Vaca","Abierta/Vacia","0",2025,"Julio","7PULILI"
"3337","11","Preñ","434","14.05","26.9","24.7","-0.14","7070",NA,NA,"26-01-26","VACUNA",NA,NA,NA,"13",NA,NA,"Vaca","Abierta/Vacia","0",2025,"Julio","7PULILI"
"3349","11","Insem","289","15.89","32.5","32.5","-0.05","2868",NA,NA,NA,NA,"INDEPENDANT","2","12-09-25",NA,"376","2","Vaca","Inseminada/Preñada","0",2025,"Julio","7PULILI"
"3368","11","Insem","329","20.51","40","40.9","-0.22","4212",NA,NA,NA,NA,NA,NA,NA,NA,"421","4","Vaca","Abierta/Vacia","0",2025,"Julio","7PULILI"
"3371","11","Preñ","317","18.13","37","35.9","0.15","3641",NA,NA,"20-02-26","VACUNA",NA,NA,NA,NA,NA,NA,"Vaca","Abierta/Vacia","0",2025,"Julio","7PULILI"
"2678","12","Vacia","262","19.94","41.9","40.7","0.12","2624",NA,NA,NA,NA,NA,NA,NA,NA,NA,NA,"Vaca","Abierta/Vacia","0",2025,"Julio","7PULILI"
"2748","12","Preñ","417","18.31","37.6","33.3","-0.6","9717","4","BIO+EN4+ME2+GE5","4-02-26","PREPARTO",NA,NA,NA,"-18",NA,NA,"Vaca","Abierta/Vacia","4",2025,"Julio","7PULILI"
"2788","12","Insem","323","20.12","39.6","37.8","-0.58","5511","2","NEO+ENRO4+LINA5",NA,NA,"INDEPENDANT","2","12-09-25",NA,"410","2","Vaca","Inseminada/Preñada","2",2025,"Julio","7PULILI"
"2905","12","Vacia","257","16.16","34.6","35.3","-0.15","1418","4","MEL4+GENT6",NA,NA,NA,NA,NA,NA,NA,NA,"Vaca","Abierta/Vacia","4",2025,"Julio","7PULILI"
"2909","12","Insem","337","21.79","44.7","44.4","0.16","6310",NA,NA,NA,NA,"INDEPENDANT","2","15-09-25",NA,"427","2","Vaca","Inseminada/Preñada","0",2025,"Julio","7PULILI"
"2933","12","Preñ","357","18.91","38.4","39","-0.35","6525",NA,NA,"12-03-26","AVF BOVIS PREPA",NA,NA,NA,NA,NA,NA,"Vaca","Abierta/Vacia","0",2025,"Julio","7PULILI"
"2936","12","Matar","279","10.16","27.1","30.9","-0.54","3128","2","BIO4+ENR6    +ENRLA2+MELO2",NA,NA,NA,NA,NA,NA,NA,NA,"Vaca","Abierta/Vacia","2",2025,"Julio","7PULILI"
"2948","12","Insem","296","21.67","43.3","42.6","0","4345","1","NEO6+ENRO4",NA,NA,"INDEPENDANT","2","7-09-25",NA,"378","2","Vaca","Inseminada/Preñada","1",2025,"Julio","7PULILI"
"2979","12","Insem","412","14.39","33.8","38.4","0.05","10343",NA,NA,NA,NA,"INDEPENDANT","3","15-09-25",NA,"502","3","Vaca","Inseminada/Preñada","0",2025,"Julio","7PULILI"
"2997","12","Alta","221","20.14","41.8","40.7","0.16","889","1","MEL3+ENRO4+MUL3",NA,NA,NA,NA,NA,NA,NA,NA,"Vaca","Abierta/Vacia","1",2025,"Julio","7PULILI"
"3027","12","Insem","367","16.27","35.6","37.2","-0.27","7031",NA,NA,NA,NA,"WISEUP","3","26-08-25",NA,"437","3","Vaca","Inseminada/Preñada","0",2025,"Julio","7PULILI"
"3035","12","Insem","274","18.88","36","35.4","-0.16","3159","3","NEO4+ENRO6",NA,NA,"INDEPENDANT","1","22-09-25",NA,"371","1","Vaca","Inseminada/Preñada","3",2025,"Julio","7PULILI"
"3064","12","Alta","216","23.86","49.4","49.6","0.56","960",NA,NA,NA,NA,NA,NA,NA,NA,NA,NA,"Vaca","Abierta/Vacia","0",2025,"Julio","7PULILI"
"3148","12","Preñ","321","16.17","36.6","38.4","0.35","5128","4","NEO4+ENRO6","12-03-26","AVF BOVIS PREPA",NA,NA,NA,NA,NA,NA,"Vaca","Abierta/Vacia","4",2025,"Julio","7PULILI"
"3155","12","Preñ","468","14.57","31.9","31.7","-0.19","10361",NA,NA,"12-03-26","AVF BOVIS PREPA",NA,NA,NA,NA,NA,NA,"Vaca","Abierta/Vacia","0",2025,"Julio","7PULILI"
"3328","12","Preñ","414","15.18","31.6","30.8","-0.15","6561",NA,NA,"26-02-26","AVF BOVIS PREPA",NA,NA,NA,NA,NA,NA,"Vaca","Abierta/Vacia","0",2025,"Julio","7PULILI"
"3378","12","Vacia","266","18.13","36.1","35.1","-0.03","2151",NA,NA,NA,NA,NA,NA,NA,NA,NA,NA,"Vaca","Abierta/Vacia","0",2025,"Julio","7PULILI"
"3382","12","Vacia","262","16.7","32.9","32.8","0.03","2091",NA,NA,NA,NA,NA,NA,NA,NA,NA,NA,"Vaca","Abierta/Vacia","0",2025,"Julio","7PULILI"
"2713","13","Alta","219","23.55","47.2","45.6","0.61","922","7","BI+ENR4+ME3+GE5",NA,NA,NA,NA,NA,NA,NA,NA,"Vaca","Abierta/Vacia","7",2025,"Julio","7PULILI"
"2761","13","Alta","208","24.26","46.5","43.6","-0.01","303","5","NEO4+ENRO6",NA,NA,NA,NA,NA,NA,NA,NA,"Vaca","Abierta/Vacia","5",2025,"Julio","7PULILI"
"2813","13","Alta","218","24.45","44","43.3","-0.03","905","4","BIO4+ENRO6",NA,NA,NA,NA,NA,NA,NA,NA,"Vaca","Abierta/Vacia","4",2025,"Julio","7PULILI"
"2962","13","Alta","212","24.59","49.9","47.4","0.44","904","1","NEO+ENRO4    +MEL3+GENT5",NA,NA,NA,NA,NA,NA,NA,NA,"Vaca","Abierta/Vacia","1",2025,"Julio","7PULILI"
"3097","13","Alta","195","26.09","48.9","46.4","2.35","119",NA,NA,NA,NA,NA,NA,NA,NA,NA,NA,"Vaca","Abierta/Vacia","0",2025,"Julio","7PULILI"
"3114","13","Alta","201","19.89","38.4","36.3","0.55","160",NA,NA,NA,NA,NA,NA,NA,NA,NA,NA,"Vaca","Abierta/Vacia","0",2025,"Julio","7PULILI"
"3126","13","Alta","216","22.3","44.4","41.3","0.81","817","1","NEO4+ENRO6",NA,NA,NA,NA,NA,NA,NA,NA,"Vaca","Abierta/Vacia","1",2025,"Julio","7PULILI"
"3142","13","Alta","194","24.7","48.4","47.5","-0.2","162",NA,NA,NA,NA,NA,NA,NA,NA,NA,NA,"Vaca","Abierta/Vacia","0",2025,"Julio","7PULILI"
"3230","13","Alta","208","23.14","44.3","42.2","0.55","398","3","NEO4+ENRO6",NA,NA,NA,NA,NA,NA,NA,NA,"Vaca","Abierta/Vacia","3",2025,"Julio","7PULILI"
"3241","13","Alta","209","14.6","28.4","29.5","0","197","1","BIO4+ENRO7",NA,NA,NA,NA,NA,NA,NA,NA,"Vaca","Abierta/Vacia","1",2025,"Julio","7PULILI"
"3248","13","Alta","205","26.38","49","46.2","0.52","271",NA,NA,NA,NA,NA,NA,NA,NA,NA,NA,"Vaca","Abierta/Vacia","0",2025,"Julio","7PULILI"
"3258","13","Alta","219","24.6","49.2","47","0.15","985",NA,NA,NA,NA,NA,NA,NA,NA,NA,NA,"Vaca","Abierta/Vacia","0",2025,"Julio","7PULILI"
"3263","13","Alta","209","20.37","42.1","41.3","0.26","274",NA,NA,NA,NA,NA,NA,NA,NA,NA,NA,"Vaca","Abierta/Vacia","0",2025,"Julio","7PULILI"
"3264","13","Alta","209","17.4","34.1","34.4","-0.01","249",NA,NA,NA,NA,NA,NA,NA,NA,NA,NA,"Vaca","Abierta/Vacia","0",2025,"Julio","7PULILI"
"2686","14","Insem","278","22.81","42.4","41.5","-0.09","3708","2","BI+ENR4+ME4+GE6",NA,NA,"WISEUP","1","22-09-25",NA,"375","1","Vaca","Inseminada/Preñada","2",2025,"Julio","7PULILI"
"2691","14","Insem","351","25.61","49.8","48.3","0.4","7117","5","PI           EN6+ME4+GE7+AN4",NA,NA,"INDEPENDANT","3","1-09-25",NA,"427","3","Vaca","Inseminada/Preñada","5",2025,"Julio","7PULILI"
"2826","14","Insem","295","19.1","38.7","37.3","-0.27","3805","4","BIO4+ENRO6",NA,NA,"WISEUP","1","1-09-25",NA,"371","1","Vaca","Inseminada/Preñada","4",2025,"Julio","7PULILI"
"2924","14","Preñ","374","15.12","29.7","29.3","-0.21","5660","2","BIO+ENRO3","3-02-26","PREPARTO",NA,NA,NA,"-19",NA,NA,"Vaca","Abierta/Vacia","2",2025,"Julio","7PULILI"
"3018","14","Preñ","321","21.84","44.5","41.9","0.29","5296","2","BIO4+ANTI7","12-03-26","AVF BOVIS PREPA",NA,NA,NA,NA,NA,NA,"Vaca","Abierta/Vacia","2",2025,"Julio","7PULILI"
"3028","14","Preñ","390","15.79","31.6","30.5","0.55","7107",NA,NA,"26-02-26","AVF BOVIS PREPA",NA,NA,NA,NA,NA,NA,"Vaca","Abierta/Vacia","0",2025,"Julio","7PULILI"
"3073","14","Insem","366","21.8","42.2","39.4","0.38","6665","5","ENR+NE4+GE6+ME3",NA,NA,"WISEUP","3","15-09-25",NA,"456","3","Vaca","Inseminada/Preñada","5",2025,"Julio","7PULILI"
"3086","14","Insem","293","20.44","39.6","39.5","-0.13","3915","2","BIO4+ENRO6",NA,NA,"WISEUP","1","8-09-25",NA,"376","1","Vaca","Inseminada/Preñada","2",2025,"Julio","7PULILI"
"3124","14","Preñ","355","17.81","37","37.2","-0.12","6480","1","NEO4+ENRO6","5-02-26","SECADO",NA,NA,NA,NA,NA,NA,"Vaca","Abierta/Vacia","1",2025,"Julio","7PULILI"
"3154","14","Preñ","329","18.29","36.5","36.3","-0.28","5236",NA,NA,"26-02-26","AVF BOVIS PREPA",NA,NA,NA,NA,NA,NA,"Vaca","Abierta/Vacia","0",2025,"Julio","7PULILI"
"3165","14","Vacia","326","25.78","50.5","48","0.69","5923",NA,NA,NA,NA,NA,NA,NA,NA,NA,NA,"Vaca","Abierta/Vacia","0",2025,"Julio","7PULILI"
"3166","14","Preñ","353","20.02","38.3","36.9","-0.02","6129",NA,NA,"25-02-26","VACUNA",NA,NA,NA,NA,NA,NA,"Vaca","Abierta/Vacia","0",2025,"Julio","7PULILI"
"3168","14","Preñ","362","18.68","36.8","35.2","0.31","5513",NA,NA,"12-03-26","AVF BOVIS PREPA",NA,NA,NA,NA,NA,NA,"Vaca","Abierta/Vacia","0",2025,"Julio","7PULILI"
"3170","14","Insem","317","21.14","39.6","39.1","0.65","4619","1","BIO4+ENR7+ANT5",NA,NA,"WISEUP","2","3-09-25",NA,"395","2","Vaca","Inseminada/Preñada","1",2025,"Julio","7PULILI"
"3177","14","Insem","279","23.6","44.2","41.5","0.06","3403","1","NEO4+ENRO6",NA,NA,"WISEUP","1","22-09-25",NA,"376","1","Vaca","Inseminada/Preñada","1",2025,"Julio","7PULILI"
"3189","14","Preñ","310","23.4","45.7","44.1","0.02","5173",NA,NA,"12-03-26","AVF BOVIS PREPA",NA,NA,NA,NA,NA,NA,"Vaca","Abierta/Vacia","0",2025,"Julio","7PULILI"
"3193","14","Insem","301","17.02","33.7","35.1","-0.57","4224",NA,NA,NA,NA,"WISEUP","1","1-09-25",NA,"377","1","Vaca","Inseminada/Preñada","0",2025,"Julio","7PULILI"
"3199","14","Insem","353","16.45","30.1","28.1","-0.39","5796",NA,NA,NA,NA,"INDEPENDANT","4","13-09-25",NA,"441","4","Vaca","Inseminada/Preñada","0",2025,"Julio","7PULILI"
"3202","14","Insem","291","19.65","37.8","36.3","-0.32","3573",NA,NA,NA,NA,"WISEUP","1","15-09-25",NA,"381","1","Vaca","Inseminada/Preñada","0",2025,"Julio","7PULILI"
"3205","14","Preñ","346","20.27","40","37.7","-0.31","6080",NA,NA,"9-02-26","SECADO",NA,NA,NA,NA,NA,NA,"Vaca","Abierta/Vacia","0",2025,"Julio","7PULILI"
"3209","14","Preñ","329","21.61","42.2","38.6","-0.23","5560",NA,NA,"26-02-26","AVF BOVIS PREPA",NA,NA,NA,NA,NA,NA,"Vaca","Abierta/Vacia","0",2025,"Julio","7PULILI"
"3211","14","Insem","330","17.74","34.5","33.6","0.42","4277",NA,NA,NA,NA,"INDEPENDANT","3","1-09-25",NA,"406","3","Vaca","Inseminada/Preñada","0",2025,"Julio","7PULILI"
"3215","14","Insem","303","24.86","46.3","43.5","-0.27","4729","1","NEO4+ENRO7",NA,NA,"WISEUP","1","25-08-25",NA,"372","1","Vaca","Inseminada/Preñada","1",2025,"Julio","7PULILI"
"3236","14","Insem","276","19.97","37.4","37.8","-0.31","3058",NA,NA,NA,NA,"WISEUP","1","22-09-25",NA,"373","1","Vaca","Inseminada/Preñada","0",2025,"Julio","7PULILI"
"2894","15","Alta","223","27.08","55","50.8","-0.07","1112","1","BIOF3+ENRO6",NA,NA,NA,NA,NA,NA,NA,NA,"Vaca","Abierta/Vacia","1",2025,"Julio","7PULILI"
"2956","15","Alta","226","21.41","44.8","44.1","-0.1","1428",NA,NA,NA,NA,NA,NA,NA,NA,NA,NA,"Vaca","Abierta/Vacia","0",2025,"Julio","7PULILI"
"3081","15","Vacia","259","22.86","44.2","40.5","-0.67","3123",NA,NA,NA,NA,NA,NA,NA,NA,NA,NA,"Vaca","Abierta/Vacia","0",2025,"Julio","7PULILI"
"3090","15","Insem","269","23.83","47.6","40.9","-0.06","3724",NA,NA,NA,NA,"WISEUP","1","12-09-25",NA,"356","1","Vaca","Inseminada/Preñada","0",2025,"Julio","7PULILI"
"3096","15","Vacia","273","20.33","40.6","40.1","-0.3","3315","2","NEO4+ENRO6",NA,NA,NA,NA,NA,NA,NA,NA,"Vaca","Abierta/Vacia","2",2025,"Julio","7PULILI"
"3125","15","Alta","227","22.66","45.7","43.3","-0.28","1049",NA,NA,NA,NA,NA,NA,NA,NA,NA,NA,"Vaca","Abierta/Vacia","0",2025,"Julio","7PULILI"
"3192","15","Insem","274","17.74","38.1","36.1","0.1","3026",NA,NA,NA,NA,"INDEPENDANT","1","22-09-25",NA,"371","1","Vaca","Inseminada/Preñada","0",2025,"Julio","7PULILI"
"3200","15","Vacia","272","21.33","46","42.5","-0.06","2900","1","BIO4+ENRO6",NA,NA,NA,NA,NA,NA,NA,NA,"Vaca","Abierta/Vacia","1",2025,"Julio","7PULILI"
"3212","15","Insem","273","26.27","49.6","45.2","0.24","3354","2","NEO4+ENRO8                            +ANTIMAST4",NA,NA,"WISEUP","1","12-09-25",NA,"360","1","Vaca","Inseminada/Preñada","2",2025,"Julio","7PULILI"
"3214","15","Vacia","261","22.76","44.6","41.4","-0.24","2870","1","NEO4+ENRO6",NA,NA,NA,NA,NA,NA,NA,NA,"Vaca","Abierta/Vacia","1",2025,"Julio","7PULILI"
"3218","15","Vacia","273","23.98","48.2","47.6","0.08","3424",NA,NA,NA,NA,NA,NA,NA,NA,NA,NA,"Vaca","Abierta/Vacia","0",2025,"Julio","7PULILI"
"3221","15","Insem","274","23.38","47.3","43.6","-0.08","3466",NA,NA,NA,NA,"INDEPENDANT","1","22-09-25",NA,"371","1","Vaca","Inseminada/Preñada","0",2025,"Julio","7PULILI"
"3242","15","Vacia","267","21.51","41.1","38.5","0.23","2773","1","BIO4+ENRO6",NA,NA,NA,NA,NA,NA,NA,NA,"Vaca","Abierta/Vacia","1",2025,"Julio","7PULILI"
"3247","15","Alta","222","23.8","49.8","47.9","-1.2","1134",NA,NA,NA,NA,NA,NA,NA,NA,NA,NA,"Vaca","Abierta/Vacia","0",2025,"Julio","7PULILI"
"3250","15","Insem","272","21.97","43.9","42.3","0.09","3254",NA,NA,NA,NA,"INDEPENDANT","1","12-09-25",NA,"359","1","Vaca","Inseminada/Preñada","0",2025,"Julio","7PULILI"
"2805","16","Vacia","256","20.1","41.2","38","-0.56","2595","8","NEO4+ENR7+ANTI5",NA,NA,NA,NA,NA,NA,NA,NA,"Vaca","Abierta/Vacia","8",2025,"Julio","7PULILI"
"2969","16","Alta","233","26.96","55.5","52.1","-0.01","2019",NA,NA,NA,NA,NA,NA,NA,NA,NA,NA,"Vaca","Abierta/Vacia","0",2025,"Julio","7PULILI"
"3033","16","Vacia","254","23.35","47.7","46.4","-0.23","2565","2","AI           BIO4+ENRO7",NA,NA,NA,NA,NA,NA,NA,NA,"Vaca","Abierta/Vacia","2",2025,"Julio","7PULILI"
"3052","16","Alta","252","22.89","43.6","41.9","-0.59","2439","1","BIO4+ENRO6",NA,NA,NA,NA,NA,NA,NA,NA,"Vaca","Abierta/Vacia","1",2025,"Julio","7PULILI"
"3080","16","Vacia","258","21.98","45.9","46.8","-0.06","2231","2","NEO+ENR+ME4+GE5",NA,NA,NA,NA,NA,NA,NA,NA,"Vaca","Abierta/Vacia","2",2025,"Julio","7PULILI"
"3094","16","Alta","249","24.48","50.8","49.9","0.58","2520","3","MEL4+ENRO7",NA,NA,NA,NA,NA,NA,NA,NA,"Vaca","Abierta/Vacia","3",2025,"Julio","7PULILI"
"3106","16","Alta","237","25.31","49.8","46","-0.57","2135",NA,NA,NA,NA,NA,NA,NA,NA,NA,NA,"Vaca","Abierta/Vacia","0",2025,"Julio","7PULILI"
"3107","16","Vacia","257","15.18","33.5","31.6","-0.77","5214",NA,NA,NA,NA,NA,NA,NA,NA,NA,NA,"Vaca","Abierta/Vacia","0",2025,"Julio","7PULILI"
"3152","16","Alta","244","27.08","52.4","49.1","-0.38","2436",NA,NA,NA,NA,NA,NA,NA,NA,NA,NA,"Vaca","Abierta/Vacia","0",2025,"Julio","7PULILI"
"3184","16","Vacia","256","20.7","43.3","41.5","-0.01","2924","1","NEO3+ENRO6",NA,NA,NA,NA,NA,NA,NA,NA,"Vaca","Abierta/Vacia","1",2025,"Julio","7PULILI"
"3203","16","Alta","233","21.42","42.5","39.8","-0.1","1470",NA,NA,NA,NA,NA,NA,NA,NA,NA,NA,"Vaca","Abierta/Vacia","0",2025,"Julio","7PULILI"
"3224","16","Alta","249","21.78","42.6","40.3","-0.53","2400","1","NEO4+ENRO6",NA,NA,NA,NA,NA,NA,NA,NA,"Vaca","Abierta/Vacia","1",2025,"Julio","7PULILI"
"3227","16","Vacia","255","18.64","38.1","38.5","0.08","2373",NA,NA,NA,NA,NA,NA,NA,NA,NA,NA,"Vaca","Abierta/Vacia","0",2025,"Julio","7PULILI"
"3244","16","Alta","241","21.97","44.5","42.7","-0.46","1941",NA,NA,NA,NA,NA,NA,NA,NA,NA,NA,"Vaca","Abierta/Vacia","0",2025,"Julio","7PULILI"
"3246","16","Insem","264","18.26","36.9","34.8","-0.56","2574","1","NEO4+ERNO7+ANT4",NA,NA,"INDEPENDANT","1","19-09-25",NA,"358","1","Vaca","Inseminada/Preñada","1",2025,"Julio","7PULILI"
"3255","16","Alta","231","22.31","42.7","43.2","-0.11","1526","2","BIO4+ENRO6",NA,NA,NA,NA,NA,NA,NA,NA,"Vaca","Abierta/Vacia","2",2025,"Julio","7PULILI"
"3259","16","Alta","249","19.28","38.5","36.8","0.58","2122","1","BIO4+ENRO6",NA,NA,NA,NA,NA,NA,NA,NA,"Vaca","Abierta/Vacia","1",2025,"Julio","7PULILI"
"3261","16","Alta","240","20.81","42.2","41.1","-0.31","2117",NA,NA,NA,NA,NA,NA,NA,NA,NA,NA,"Vaca","Abierta/Vacia","0",2025,"Julio","7PULILI"
"3262","16","Alta","237","21.91","44.4","40.5","-1.43","2001",NA,NA,NA,NA,NA,NA,NA,NA,NA,NA,"Vaca","Abierta/Vacia","0",2025,"Julio","7PULILI"
"2770","17","Insem","277","18.6","40.8","41.5","0.57","1274","23","NEO4+ANTIMAS5",NA,NA,"WISEUP","1","22-09-25",NA,"374","1","Vaca","Inseminada/Preñada","23",2025,"Julio","7PULILI"
"2843","17","Matar","348","18.22","40.1","42.3","-0.25","6477","2","NEO4+ERNO6",NA,NA,NA,NA,NA,NA,"0","1","Vaca","Abierta/Vacia","2",2025,"Julio","7PULILI"
"2886","17","Vacia","259","10.83","30.4","32.2","0.04","2329","3","NEO4+ERNO5",NA,NA,NA,NA,NA,NA,NA,NA,"Vaca","Abierta/Vacia","3",2025,"Julio","7PULILI"
"2891","17","Alta","216","18.03","38.1","44.1","0.43","646","6","BIO4+ENRO6",NA,NA,NA,NA,NA,NA,NA,NA,"Vaca","Abierta/Vacia","6",2025,"Julio","7PULILI"
"2927","17","Vacia","265","14.83","33.7","37.5","-0.14","2282","9","NEO4+ANTIMAS6",NA,NA,NA,NA,NA,NA,NA,NA,"Vaca","Abierta/Vacia","9",2025,"Julio","7PULILI"
"3041","17","Insem","310","19.6","41.6","45.7","-0.19","5188","2","NEO4+ENRO6",NA,NA,"INDEPENDANT","2","10-09-25",NA,"395","2","Vaca","Inseminada/Preñada","2",2025,"Julio","7PULILI"
"3111","17","Alta","239","22.4","53.8","47.5","-0.22","1878","2","BIO5+ENRO5",NA,NA,NA,NA,NA,NA,NA,NA,"Vaca","Abierta/Vacia","2",2025,"Julio","7PULILI"
"3120","17","Preñ","377","15.6","36.5","37.3","0.35","6188","4","NEO4+ENR6+ANT1","12-03-26","AVF BOVIS PREPA",NA,NA,NA,NA,NA,NA,"Vaca","Abierta/Vacia","4",2025,"Julio","7PULILI"
"3280","17","Preñ","441","13.89","34","34.5","-0.19","8656",NA,NA,"9-02-26","VACUNA",NA,NA,NA,NA,NA,NA,"Vaca","Abierta/Vacia","0",2025,"Julio","7PULILI"
"3323","17","Preñ","417","11.35","25.6","28.8","-0.44","6730","3","MEL3+ANTIMAS6","19-01-26","SECADO",NA,NA,NA,"6",NA,NA,"Vaca","Abierta/Vacia","3",2025,"Julio","7PULILI"
"3393","17","Alta","217","13.8","33","34.7","1.07","410",NA,NA,NA,NA,NA,NA,NA,NA,NA,NA,"Vaca","Abierta/Vacia","0",2025,"Julio","7PULILI"
"2991","18","Preñ2","528","16.26","31.3","30","0","12929","2","NE+EN4+GE+ME+A6",NA,NA,NA,NA,NA,NA,NA,NA,"Vaca","Abierta/Vacia","2",2025,"Julio","7PULILI"
"3174","18","Preñ","518","14.43","27.2","25.1","-0.49","9718","1","BIO4+ENRO7","14-02-26","PREPARTO",NA,NA,NA,"-8",NA,NA,"Vaca","Abierta/Vacia","1",2025,"Julio","7PULILI"
"3207","18","Preñ2","611","7.22","14.8","15.5","-0.52","12928",NA,NA,"21-01-26","PARTO",NA,NA,NA,NA,NA,NA,"Vaca","Abierta/Vacia","0",2025,"Julio","7PULILI"
"3231","18","Preñ2","468","16.4","32.4","31.2","-0.28","7545","2","NEO4+ENRO6","20-01-26","PREPARTO",NA,NA,NA,NA,NA,NA,"Vaca","Abierta/Vacia","2",2025,"Julio","7PULILI"
"3276","18","Preñ","437","19.61","38.3","34.9","0.42","7152",NA,NA,"26-02-26","AVF BOVIS PREPA",NA,NA,NA,NA,NA,NA,"Vaca","Abierta/Vacia","0",2025,"Julio","7PULILI"
"3286","18","Preñ2","446","18.05","36.7","34.9","0.21","7765","1","NEO4+ENRO7","18-01-26","PARTO",NA,NA,NA,NA,NA,NA,"Vaca","Abierta/Vacia","1",2025,"Julio","7PULILI"
"3288","18","Preñ2","448","16.35","32.9","32.8","0.09","7626",NA,NA,NA,NA,NA,NA,NA,NA,NA,NA,"Vaca","Abierta/Vacia","0",2025,"Julio","7PULILI"
"3289","18","Preñ2","460","14.44","30.2","30.7","0.24","7819","1","NEO4+ENRO6","31-01-26","PREPARTO",NA,NA,NA,"-22",NA,NA,"Vaca","Abierta/Vacia","1",2025,"Julio","7PULILI"
"3290","18","Preñ","491","15.66","32.8","31.1","0.12","8707",NA,NA,"16-02-26","PREPARTO",NA,NA,NA,"-6",NA,NA,"Vaca","Abierta/Vacia","0",2025,"Julio","7PULILI"
"3292","18","Abort","436","18.89","38.6","37.7","-0.06","7560","1","NEO4+ENRO6","29-01-26","AVF BOVIS PREPA",NA,NA,NA,NA,NA,NA,"Vaca","Abierta/Vacia","1",2025,"Julio","7PULILI"
"3295","18","Preñ2","469","15.1","30.3","28.9","-0.14","7167",NA,NA,"21-01-26","VACUNA",NA,NA,NA,NA,NA,NA,"Vaca","Abierta/Vacia","0",2025,"Julio","7PULILI"
"3297","18","Preñ2","473","10.82","23","21.6","0.29","7447",NA,NA,NA,NA,NA,NA,NA,NA,NA,NA,"Vaca","Abierta/Vacia","0",2025,"Julio","7PULILI"
"3299","18","Preñ2","443","15.82","32.7","32.2","0.54","6853",NA,NA,"17-01-26","VACUNA",NA,NA,NA,NA,NA,NA,"Vaca","Abierta/Vacia","0",2025,"Julio","7PULILI"
"3306","18","Preñ2","429","16.6","32.6","30.6","-0.3","6758",NA,NA,"25-01-26","PARTO",NA,NA,NA,NA,NA,NA,"Vaca","Abierta/Vacia","0",2025,"Julio","7PULILI"
"3307","18","Preñ2","433","15.69","29.6","29.7","0.56","6248","1","NEO4+ENRO6","25-01-26","PARTO",NA,NA,NA,NA,NA,NA,"Vaca","Abierta/Vacia","1",2025,"Julio","7PULILI"
"3311","18","Preñ","434","12.31","25","22.4","-0.65","5986",NA,NA,"26-01-26","VACUNA",NA,NA,NA,"13",NA,NA,"Vaca","Abierta/Vacia","0",2025,"Julio","7PULILI"
"3319","18","Preñ2","431","16.51","34.7","34.2","-0.18","7159",NA,NA,"25-01-26","PARTO",NA,NA,NA,NA,NA,NA,"Vaca","Abierta/Vacia","0",2025,"Julio","7PULILI"
"3322","18","Preñ2","416","16.18","32.9","31.7","0.09","6333",NA,NA,"25-01-26","VACUNA",NA,NA,NA,NA,NA,NA,"Vaca","Abierta/Vacia","0",2025,"Julio","7PULILI"
"3332","18","Preñ","351","16.6","31.3","29.4","0.01","3429",NA,NA,"26-02-26","AVF BOVIS PREPA",NA,NA,NA,NA,NA,NA,"Vaca","Abierta/Vacia","0",2025,"Julio","7PULILI"
"3341","18","Preñ","376","18.17","36.2","34.9","-0.72","5290",NA,NA,"12-03-26","AVF BOVIS PREPA",NA,NA,NA,NA,NA,NA,"Vaca","Abierta/Vacia","0",2025,"Julio","7PULILI"
"3351","18","Preñ","365","16.48","33.1","29.3","0","4321",NA,NA,"12-03-26","AVF BOVIS PREPA",NA,NA,NA,NA,NA,NA,"Vaca","Abierta/Vacia","0",2025,"Julio","7PULILI"
"3352","18","Preñ","361","15.29","31.6","31.3","-0.1","4189",NA,NA,"12-02-26","AVF BOVIS PREPA",NA,NA,NA,NA,NA,NA,"Vaca","Abierta/Vacia","0",2025,"Julio","7PULILI"
"3298","19","Preñ","316","18.79","38.5","38.1","0.15","3707",NA,NA,"12-03-26","AVF BOVIS PREPA",NA,NA,NA,NA,NA,NA,"Vaca","Abierta/Vacia","0",2025,"Julio","7PULILI"
"3308","19","Preñ","340","18.37","36.9","36.2","-0.05","4711",NA,NA,"12-03-26","AVF BOVIS PREPA",NA,NA,NA,NA,NA,NA,"Vaca","Abierta/Vacia","0",2025,"Julio","7PULILI"
"3339","19","Insem","284","17","33.9","32.2","0.37","2041",NA,NA,NA,NA,"INDEPENDANT","2","23-09-25",NA,"382","2","Vaca","Inseminada/Preñada","0",2025,"Julio","7PULILI"
"3340","19","Preñ","325","17.91","34.8","34.1","-0.43","4223",NA,NA,"26-02-26","AVF BOVIS PREPA",NA,NA,NA,NA,NA,NA,"Vaca","Abierta/Vacia","0",2025,"Julio","7PULILI"
"3346","19","Insem","297","20.48","41","37.9","-0.24","2929",NA,NA,NA,NA,"INDEPENDANT","1","1-09-25",NA,"373","1","Vaca","Inseminada/Preñada","0",2025,"Julio","7PULILI"
"3350","19","Preñ","337","15.27","29.9","28.7","-0.09","3968",NA,NA,"12-02-26","AVF BOVIS PREPA",NA,NA,NA,NA,NA,NA,"Vaca","Abierta/Vacia","0",2025,"Julio","7PULILI"
"3353","19","Vacia","311","20.77","43.2","42","0","4545",NA,NA,NA,NA,NA,NA,NA,NA,NA,NA,"Vaca","Abierta/Vacia","0",2025,"Julio","7PULILI"
"3354","19","Preñ","322","21.13","42.9","40.7","0.06","4923",NA,NA,"12-03-26","AVF BOVIS PREPA",NA,NA,NA,NA,NA,NA,"Vaca","Abierta/Vacia","0",2025,"Julio","7PULILI"
"3356","19","Preñ","348","15.6","30.8","30.5","0","4462",NA,NA,"26-02-26","AVF BOVIS PREPA",NA,NA,NA,NA,NA,NA,"Vaca","Abierta/Vacia","0",2025,"Julio","7PULILI"
"3358","19","Preñ","333","14.89","28.9","26","0.51","4082",NA,NA,"19-02-26","VACUNA",NA,NA,NA,NA,NA,NA,"Vaca","Abierta/Vacia","0",2025,"Julio","7PULILI"
"3360","19","Preñ","328","18.5","37.1","35.4","-0.14","4400",NA,NA,"12-03-26","AVF BOVIS PREPA",NA,NA,NA,NA,NA,NA,"Vaca","Abierta/Vacia","0",2025,"Julio","7PULILI"
"3363","19","Preñ","312","11.52","21.2","26.1","-0.75","3262",NA,NA,"12-03-26","AVF BOVIS PREPA",NA,NA,NA,NA,NA,NA,"Vaca","Abierta/Vacia","0",2025,"Julio","7PULILI"
"3364","19","Insem","306","19.18","38","36.4","0.34","3756",NA,NA,NA,NA,"DOC","1","25-08-25",NA,"375","1","Vaca","Inseminada/Preñada","0",2025,"Julio","7PULILI"
"3369","19","Preñ","325","18.74","38.2","38","0.18","4365",NA,NA,"26-02-26","AVF BOVIS PREPA",NA,NA,NA,NA,NA,NA,"Vaca","Abierta/Vacia","0",2025,"Julio","7PULILI"
"3372","19","Insem","302","17.39","35.1","33.8","-0.19","3467",NA,NA,NA,NA,"DOC","1","25-08-25",NA,"371","1","Vaca","Inseminada/Preñada","0",2025,"Julio","7PULILI"
"3376","19","Insem","298","17.57","34.9","35.8","-0.59","3038",NA,NA,NA,NA,"WISEUP","2","23-09-25",NA,"396","2","Vaca","Inseminada/Preñada","0",2025,"Julio","7PULILI"
"3379","19","Insem","292","18.04","38.7","38.6","0.18","2488",NA,NA,NA,NA,"INDEPENDANT","1","8-09-25",NA,"375","1","Vaca","Inseminada/Preñada","0",2025,"Julio","7PULILI"
"3380","19","Insem","293","21.36","41","40.6","1.16","3095",NA,NA,NA,NA,"INDEPENDANT","1","15-09-25",NA,"383","1","Vaca","Inseminada/Preñada","0",2025,"Julio","7PULILI"
"2869","25","Preñ","579","14.08","29.2","25.4","0.16","11790","1","BIO+ENRO4+MULT5","23-02-26","PREPARTO",NA,NA,NA,"1",NA,NA,"Vaca","Abierta/Vacia","1",2025,"Julio","7PULILI"
"2912","25","Preñ","573","17.18","35.3","32.1","-0.17","13085",NA,NA,"15-02-26","PREPARTO",NA,NA,NA,"-7",NA,NA,"Vaca","Abierta/Vacia","0",2025,"Julio","7PULILI"
"2987","25","Preñ","577","13.19","27.5","22.6","-0.61","11490",NA,NA,"7-02-26","PREPARTO",NA,NA,NA,"-15",NA,NA,"Vaca","Abierta/Vacia","0",2025,"Julio","7PULILI"
"3058","25","Preñ2","655","13.64","24.8","24.3","-0.99","16108","2","NEO4+ENRO7","16-01-26","PREPARTO",NA,NA,NA,NA,NA,NA,"Vaca","Abierta/Vacia","2",2025,"Julio","7PULILI"
"3197","25","Preñ2","694","12.26","25.6","24.2","0.16","13371",NA,NA,NA,NA,NA,NA,NA,NA,NA,NA,"Vaca","Abierta/Vacia","0",2025,"Julio","7PULILI"
"3251","25","Insem","540","15.9","32.2","29.6","-0.01","9201","1","BIO4+ENRO6",NA,NA,"PASSPORT","4","15-09-25",NA,"630","4","Vaca","Inseminada/Preñada","1",2025,"Julio","7PULILI"
"3269","25","Insem","528","14.69","29.9","29.2","0.22","9365",NA,NA,NA,NA,"INDEPENDANT","5","25-08-25",NA,"597","5","Vaca","Inseminada/Preñada","0",2025,"Julio","7PULILI"
"3272","25","Matar","538","15.39","30.6","30.1","0.25","8593","1","BIO4+ENRO6",NA,NA,NA,NA,NA,NA,NA,NA,"Vaca","Abierta/Vacia","1",2025,"Julio","7PULILI"
"3275","25","Preñ2","523","14.64","30.6","28.6","0.29","9261","1","NEO4+ENRO6","17-01-26","PREPARTO",NA,NA,NA,NA,NA,NA,"Vaca","Abierta/Vacia","1",2025,"Julio","7PULILI"
"3279","25","Matar","530","15.48","31.6","27.5","0.91","8874","1","BIO4+ENRO6",NA,NA,NA,NA,NA,NA,NA,NA,"Vaca","Abierta/Vacia","1",2025,"Julio","7PULILI"
"3282","25","Preñ","517","11.97","23.9","23.9","-0.62","8704",NA,NA,"7-02-26","PREPARTO",NA,NA,NA,"-15",NA,NA,"Vaca","Abierta/Vacia","0",2025,"Julio","7PULILI"
"3283","25","Preñ","515","15.25","30.1","29.9","0.13","9125","1","BIO4+ENRO6","16-02-26","PREPARTO",NA,NA,NA,"-6",NA,NA,"Vaca","Abierta/Vacia","1",2025,"Julio","7PULILI"
"3314","25","Abort","381","17.22","33","30.4","-0.08","4898","1","BIO4+ENRO6","29-01-26","AVF BOVIS PREPA",NA,NA,NA,NA,NA,NA,"Vaca","Abierta/Vacia","1",2025,"Julio","7PULILI"
"3317","25","Insem","374","15.97","33.4","32.2","0.03","4564",NA,NA,NA,NA,"INDEPENDANT","4","6-09-25",NA,"455","4","Vaca","Inseminada/Preñada","0",2025,"Julio","7PULILI"
"3320","25","Preñ","409","19.42","40.1","40.5","0","6544",NA,NA,"12-02-26","AVF BOVIS PREPA",NA,NA,NA,NA,NA,NA,"Vaca","Abierta/Vacia","0",2025,"Julio","7PULILI"
"3324","25","Preñ","404","15.42","32.7","32.4","0.58","5512",NA,NA,"29-01-26","AVF BOVIS PREPA",NA,NA,NA,"20",NA,NA,"Vaca","Abierta/Vacia","0",2025,"Julio","7PULILI"
"3326","25","Preñ","365","14.3","30.8","25.8","-0.82","4519",NA,NA,"19-01-26","SECADO",NA,NA,NA,"6",NA,NA,"Vaca","Abierta/Vacia","0",2025,"Julio","7PULILI"
"3334","25","Preñ2","404","11","23.4","22.9","0.06","4232",NA,NA,"24-01-26","PREPARTO",NA,NA,NA,"-29",NA,NA,"Vaca","Abierta/Vacia","0",2025,"Julio","7PULILI"
"3335","25","Preñ","386","19.78","38","35.2","0.29","5490",NA,NA,"25-01-26","VACUNA",NA,NA,NA,"12",NA,NA,"Vaca","Abierta/Vacia","0",2025,"Julio","7PULILI"
"3338","25","Preñ","391","17.65","34","35.3","-0.24","5319",NA,NA,"7-02-26","PREPARTO",NA,NA,NA,"-15",NA,NA,"Vaca","Abierta/Vacia","0",2025,"Julio","7PULILI"
"3532",NA,NA,NA,NA,NA,NA,NA,NA,NA,NA,NA,NA,NA,NA,NA,NA,NA,NA,"Recría",NA,NA,2025,"Julio","7PULILI"
"3533",NA,NA,NA,NA,NA,NA,NA,NA,NA,NA,NA,NA,NA,NA,NA,NA,NA,NA,"Recría",NA,NA,2025,"Julio","7PULILI"
"3539",NA,NA,NA,NA,NA,NA,NA,NA,NA,NA,NA,NA,NA,NA,NA,NA,NA,NA,"Recría",NA,NA,2025,"Julio","7PULILI"
"3543",NA,NA,NA,NA,NA,NA,NA,NA,NA,NA,NA,NA,NA,NA,NA,NA,NA,NA,"Recría",NA,NA,2025,"Julio","7PULILI"
"3544",NA,NA,NA,NA,NA,NA,NA,NA,NA,NA,NA,NA,NA,NA,NA,NA,NA,NA,"Recría",NA,NA,2025,"Julio","7PULILI"
"3545",NA,NA,NA,NA,NA,NA,NA,NA,NA,NA,NA,NA,NA,NA,NA,NA,NA,NA,"Recría",NA,NA,2025,"Julio","7PULILI"
"3547",NA,NA,NA,NA,NA,NA,NA,NA,NA,NA,NA,NA,NA,NA,NA,NA,NA,NA,"Recría",NA,NA,2025,"Julio","7PULILI"
"3549",NA,NA,NA,NA,NA,NA,NA,NA,NA,NA,NA,NA,NA,NA,NA,NA,NA,NA,"Recría",NA,NA,2025,"Julio","7PULILI"
"3550",NA,NA,NA,NA,NA,NA,NA,NA,NA,NA,NA,NA,NA,NA,NA,NA,NA,NA,"Recría",NA,NA,2025,"Julio","7PULILI"
"3551",NA,NA,NA,NA,NA,NA,NA,NA,NA,NA,NA,NA,NA,NA,NA,NA,NA,NA,"Recría",NA,NA,2025,"Julio","7PULILI"
"3552",NA,NA,NA,NA,NA,NA,NA,NA,NA,NA,NA,NA,NA,NA,NA,NA,NA,NA,"Recría",NA,NA,2025,"Julio","7PULILI"
"3553",NA,NA,NA,NA,NA,NA,NA,NA,NA,NA,NA,NA,NA,NA,NA,NA,NA,NA,"Recría",NA,NA,2025,"Julio","7PULILI"
"3554",NA,NA,NA,NA,NA,NA,NA,NA,NA,NA,NA,NA,NA,NA,NA,NA,NA,NA,"Recría",NA,NA,2025,"Julio","7PULILI"
"3556",NA,NA,NA,NA,NA,NA,NA,NA,NA,NA,NA,NA,NA,NA,NA,NA,NA,NA,"Recría",NA,NA,2025,"Julio","7PULILI"
"3558",NA,NA,NA,NA,NA,NA,NA,NA,NA,NA,NA,NA,NA,NA,NA,NA,NA,NA,"Recría",NA,NA,2025,"Julio","7PULILI"
"3557",NA,NA,NA,NA,NA,NA,NA,NA,NA,NA,NA,NA,NA,NA,NA,NA,NA,NA,"Recría",NA,NA,2025,"Julio","7PULILI"
"3559",NA,NA,NA,NA,NA,NA,NA,NA,NA,NA,NA,NA,NA,NA,NA,NA,NA,NA,"Recría",NA,NA,2025,"Julio","7PULILI"
"3560",NA,NA,NA,NA,NA,NA,NA,NA,NA,NA,NA,NA,NA,NA,NA,NA,NA,NA,"Recría",NA,NA,2025,"Julio","7PULILI"
"3561",NA,NA,NA,NA,NA,NA,NA,NA,NA,NA,NA,NA,NA,NA,NA,NA,NA,NA,"Recría",NA,NA,2025,"Julio","7PULILI"
"3562",NA,NA,NA,NA,NA,NA,NA,NA,NA,NA,NA,NA,NA,NA,NA,NA,NA,NA,"Recría",NA,NA,2025,"Julio","7PULILI"
"3563",NA,NA,NA,NA,NA,NA,NA,NA,NA,NA,NA,NA,NA,NA,NA,NA,NA,NA,"Recría",NA,NA,2025,"Julio","7PULILI"
"3564",NA,NA,NA,NA,NA,NA,NA,NA,NA,NA,NA,NA,NA,NA,NA,NA,NA,NA,"Recría",NA,NA,2025,"Julio","7PULILI"
"3565",NA,NA,NA,NA,NA,NA,NA,NA,NA,NA,NA,NA,NA,NA,NA,NA,NA,NA,"Recría",NA,NA,2025,"Julio","7PULILI"
"3566",NA,NA,NA,NA,NA,NA,NA,NA,NA,NA,NA,NA,NA,NA,NA,NA,NA,NA,"Recría",NA,NA,2025,"Julio","7PULILI"
"3567",NA,NA,NA,NA,NA,NA,NA,NA,NA,NA,NA,NA,NA,NA,NA,NA,NA,NA,"Recría",NA,NA,2025,"Julio","7PULILI"
"3568",NA,NA,NA,NA,NA,NA,NA,NA,NA,NA,NA,NA,NA,NA,NA,NA,NA,NA,"Recría",NA,NA,2025,"Julio","7PULILI"
"3569",NA,NA,NA,NA,NA,NA,NA,NA,NA,NA,NA,NA,NA,NA,NA,NA,NA,NA,"Recría",NA,NA,2025,"Julio","7PULILI"
"3570",NA,NA,NA,NA,NA,NA,NA,NA,NA,NA,NA,NA,NA,NA,NA,NA,NA,NA,"Recría",NA,NA,2025,"Julio","7PULILI"
"3571",NA,NA,NA,NA,NA,NA,NA,NA,NA,NA,NA,NA,NA,NA,NA,NA,NA,NA,"Recría",NA,NA,2025,"Julio","7PULILI"
"93413",NA,NA,NA,NA,NA,NA,NA,NA,NA,NA,NA,NA,NA,NA,NA,NA,NA,NA,"Recría",NA,NA,2025,"Julio","7PULILI"
"3572",NA,NA,NA,NA,NA,NA,NA,NA,NA,NA,NA,NA,NA,NA,NA,NA,NA,NA,"Recría",NA,NA,2025,"Julio","7PULILI"
"3573",NA,NA,NA,NA,NA,NA,NA,NA,NA,NA,NA,NA,NA,NA,NA,NA,NA,NA,"Recría",NA,NA,2025,"Julio","7PULILI"
"3574",NA,NA,NA,NA,NA,NA,NA,NA,NA,NA,NA,NA,NA,NA,NA,NA,NA,NA,"Recría",NA,NA,2025,"Julio","7PULILI"
"3575",NA,NA,NA,NA,NA,NA,NA,NA,NA,NA,NA,NA,NA,NA,NA,NA,NA,NA,"Recría",NA,NA,2025,"Julio","7PULILI"
"3576",NA,NA,NA,NA,NA,NA,NA,NA,NA,NA,NA,NA,NA,NA,NA,NA,NA,NA,"Recría",NA,NA,2025,"Julio","7PULILI"
"3577",NA,NA,NA,NA,NA,NA,NA,NA,NA,NA,NA,NA,NA,NA,NA,NA,NA,NA,"Recría",NA,NA,2025,"Julio","7PULILI"
"3578",NA,NA,NA,NA,NA,NA,NA,NA,NA,NA,NA,NA,NA,NA,NA,NA,NA,NA,"Recría",NA,NA,2025,"Julio","7PULILI"
"19%",NA,NA,NA,NA,NA,NA,NA,NA,NA,NA,NA,NA,NA,NA,NA,NA,NA,NA,"Recría",NA,NA,2025,"Julio","7PULILI"
"T",NA,NA,NA,NA,NA,NA,NA,NA,NA,NA,NA,NA,NA,NA,NA,NA,NA,NA,"Recría",NA,NA,2025,"Julio","7PULILI"
"3513",NA,NA,NA,NA,NA,NA,NA,NA,NA,NA,NA,NA,NA,NA,NA,NA,NA,NA,"Recría",NA,NA,2025,"Julio","7PULILI"
"3521",NA,NA,NA,NA,NA,NA,NA,NA,NA,NA,NA,NA,NA,NA,NA,NA,NA,NA,"Recría",NA,NA,2025,"Julio","7PULILI"
"3523",NA,NA,NA,NA,NA,NA,NA,NA,NA,NA,NA,NA,NA,NA,NA,NA,NA,NA,"Recría",NA,NA,2025,"Julio","7PULILI"
"3524",NA,NA,NA,NA,NA,NA,NA,NA,NA,NA,NA,NA,NA,NA,NA,NA,NA,NA,"Recría",NA,NA,2025,"Julio","7PULILI"
"3526",NA,NA,NA,NA,NA,NA,NA,NA,NA,NA,NA,NA,NA,NA,NA,NA,NA,NA,"Recría",NA,NA,2025,"Julio","7PULILI"
"3527",NA,NA,NA,NA,NA,NA,NA,NA,NA,NA,NA,NA,NA,NA,NA,NA,NA,NA,"Recría",NA,NA,2025,"Julio","7PULILI"
"3528",NA,NA,NA,NA,NA,NA,NA,NA,NA,NA,NA,NA,NA,NA,NA,NA,NA,NA,"Recría",NA,NA,2025,"Julio","7PULILI"
"3530",NA,NA,NA,NA,NA,NA,NA,NA,NA,NA,NA,NA,NA,NA,NA,NA,NA,NA,"Recría",NA,NA,2025,"Julio","7PULILI"
"3534",NA,NA,NA,NA,NA,NA,NA,NA,NA,NA,NA,NA,NA,NA,NA,NA,NA,NA,"Recría",NA,NA,2025,"Julio","7PULILI"
"3535",NA,NA,NA,NA,NA,NA,NA,NA,NA,NA,NA,NA,NA,NA,NA,NA,NA,NA,"Recría",NA,NA,2025,"Julio","7PULILI"
"3536",NA,NA,NA,NA,NA,NA,NA,NA,NA,NA,NA,NA,NA,NA,NA,NA,NA,NA,"Recría",NA,NA,2025,"Julio","7PULILI"
"3538",NA,NA,NA,NA,NA,NA,NA,NA,NA,NA,NA,NA,NA,NA,NA,NA,NA,NA,"Recría",NA,NA,2025,"Julio","7PULILI"
"3541",NA,NA,NA,NA,NA,NA,NA,NA,NA,NA,NA,NA,NA,NA,NA,NA,NA,NA,"Recría",NA,NA,2025,"Julio","7PULILI"
"3542",NA,NA,NA,NA,NA,NA,NA,NA,NA,NA,NA,NA,NA,NA,NA,NA,NA,NA,"Recría",NA,NA,2025,"Julio","7PULILI"
"3548",NA,NA,NA,NA,NA,NA,NA,NA,NA,NA,NA,NA,NA,NA,NA,NA,NA,NA,"Recría",NA,NA,2025,"Julio","7PULILI"
"45",NA,NA,NA,NA,NA,NA,NA,NA,NA,NA,NA,NA,NA,NA,NA,NA,NA,NA,"Recría",NA,NA,2025,"Julio","7PULILI"
"T",NA,NA,NA,NA,NA,NA,NA,NA,NA,NA,NA,NA,NA,NA,NA,NA,NA,NA,"Recría",NA,NA,2025,"Julio","7PULILI"
"3477",NA,NA,NA,NA,NA,NA,NA,NA,NA,NA,NA,NA,NA,NA,NA,NA,NA,NA,"Recría",NA,NA,2025,"Julio","7PULILI"
"3490",NA,NA,NA,NA,NA,NA,NA,NA,NA,NA,NA,NA,NA,NA,NA,NA,NA,NA,"Recría",NA,NA,2025,"Julio","7PULILI"
"3492",NA,NA,NA,NA,NA,NA,NA,NA,NA,NA,NA,NA,NA,NA,NA,NA,NA,NA,"Recría",NA,NA,2025,"Julio","7PULILI"
"3497",NA,NA,NA,NA,NA,NA,NA,NA,NA,NA,NA,NA,NA,NA,NA,NA,NA,NA,"Recría",NA,NA,2025,"Julio","7PULILI"
"3501",NA,NA,NA,NA,NA,NA,NA,NA,NA,NA,NA,NA,NA,NA,NA,NA,NA,NA,"Recría",NA,NA,2025,"Julio","7PULILI"
"3503",NA,NA,NA,NA,NA,NA,NA,NA,NA,NA,NA,NA,NA,NA,NA,NA,NA,NA,"Recría",NA,NA,2025,"Julio","7PULILI"
"3507",NA,NA,NA,NA,NA,NA,NA,NA,NA,NA,NA,NA,NA,NA,NA,NA,NA,NA,"Recría",NA,NA,2025,"Julio","7PULILI"
"3511",NA,NA,NA,NA,NA,NA,NA,NA,NA,NA,NA,NA,NA,NA,NA,NA,NA,NA,"Recría",NA,NA,2025,"Julio","7PULILI"
"3512",NA,NA,NA,NA,NA,NA,NA,NA,NA,NA,NA,NA,NA,NA,NA,NA,NA,NA,"Recría",NA,NA,2025,"Julio","7PULILI"
"3515",NA,NA,NA,NA,NA,NA,NA,NA,NA,NA,NA,NA,NA,NA,NA,NA,NA,NA,"Recría",NA,NA,2025,"Julio","7PULILI"
"3517",NA,NA,NA,NA,NA,NA,NA,NA,NA,NA,NA,NA,NA,NA,NA,NA,NA,NA,"Recría",NA,NA,2025,"Julio","7PULILI"
"3520",NA,NA,NA,NA,NA,NA,NA,NA,NA,NA,NA,NA,NA,NA,NA,NA,NA,NA,"Recría",NA,NA,2025,"Julio","7PULILI"
"3522",NA,NA,NA,NA,NA,NA,NA,NA,NA,NA,NA,NA,NA,NA,NA,NA,NA,NA,"Recría",NA,NA,2025,"Julio","7PULILI"
"55",NA,NA,NA,NA,NA,NA,NA,NA,NA,NA,NA,NA,NA,NA,NA,NA,NA,NA,"Recría",NA,NA,2025,"Julio","7PULILI"
"T",NA,NA,NA,NA,NA,NA,NA,NA,NA,NA,NA,NA,NA,NA,NA,NA,NA,NA,"Recría",NA,NA,2025,"Julio","7PULILI"
"3484",NA,NA,NA,NA,NA,NA,NA,NA,NA,NA,NA,NA,NA,NA,NA,NA,NA,NA,"Recría",NA,NA,2025,"Julio","7PULILI"
"77",NA,NA,NA,NA,NA,NA,NA,NA,NA,NA,NA,NA,NA,NA,NA,NA,NA,NA,"Recría",NA,NA,2025,"Julio","7PULILI"
"T",NA,NA,NA,NA,NA,NA,NA,NA,NA,NA,NA,NA,NA,NA,NA,NA,NA,NA,"Recría",NA,NA,2025,"Julio","7PULILI"
"83%",NA,NA,NA,NA,NA,NA,NA,NA,NA,NA,NA,NA,NA,NA,NA,NA,NA,NA,"Recría",NA,NA,2025,"Julio","7PULILI"
"T",NA,NA,NA,NA,NA,NA,NA,NA,NA,NA,NA,NA,NA,NA,NA,NA,NA,NA,"Recría",NA,NA,2025,"Julio","7PULILI"
"3420",NA,NA,NA,NA,NA,NA,NA,NA,NA,NA,NA,NA,NA,NA,NA,NA,NA,NA,"Recría",NA,NA,2025,"Julio","7PULILI"
"3422",NA,NA,NA,NA,NA,NA,NA,NA,NA,NA,NA,NA,NA,NA,NA,NA,NA,NA,"Recría",NA,NA,2025,"Julio","7PULILI"
"3431",NA,NA,NA,NA,NA,NA,NA,NA,NA,NA,NA,NA,NA,NA,NA,NA,NA,NA,"Recría",NA,NA,2025,"Julio","7PULILI"
"3406",NA,NA,NA,NA,NA,NA,NA,NA,NA,NA,NA,NA,NA,NA,NA,NA,NA,NA,"Recría",NA,NA,2025,"Julio","7PULILI"
"3416",NA,NA,NA,NA,NA,NA,NA,NA,NA,NA,NA,NA,NA,NA,NA,NA,NA,NA,"Recría",NA,NA,2025,"Julio","7PULILI"
"3417",NA,NA,NA,NA,NA,NA,NA,NA,NA,NA,NA,NA,NA,NA,NA,NA,NA,NA,"Recría",NA,NA,2025,"Julio","7PULILI"
"3418",NA,NA,NA,NA,NA,NA,NA,NA,NA,NA,NA,NA,NA,NA,NA,NA,NA,NA,"Recría",NA,NA,2025,"Julio","7PULILI"
"3421",NA,NA,NA,NA,NA,NA,NA,NA,NA,NA,NA,NA,NA,NA,NA,NA,NA,NA,"Recría",NA,NA,2025,"Julio","7PULILI"
"3423",NA,NA,NA,NA,NA,NA,NA,NA,NA,NA,NA,NA,NA,NA,NA,NA,NA,NA,"Recría",NA,NA,2025,"Julio","7PULILI"
"3426",NA,NA,NA,NA,NA,NA,NA,NA,NA,NA,NA,NA,NA,NA,NA,NA,NA,NA,"Recría",NA,NA,2025,"Julio","7PULILI"
"3427",NA,NA,NA,NA,NA,NA,NA,NA,NA,NA,NA,NA,NA,NA,NA,NA,NA,NA,"Recría",NA,NA,2025,"Julio","7PULILI"
"3430",NA,NA,NA,NA,NA,NA,NA,NA,NA,NA,NA,NA,NA,NA,NA,NA,NA,NA,"Recría",NA,NA,2025,"Julio","7PULILI"
"3432",NA,NA,NA,NA,NA,NA,NA,NA,NA,NA,NA,NA,NA,NA,NA,NA,NA,NA,"Recría",NA,NA,2025,"Julio","7PULILI"
"3434",NA,NA,NA,NA,NA,NA,NA,NA,NA,NA,NA,NA,NA,NA,NA,NA,NA,NA,"Recría",NA,NA,2025,"Julio","7PULILI"
"3435",NA,NA,NA,NA,NA,NA,NA,NA,NA,NA,NA,NA,NA,NA,NA,NA,NA,NA,"Recría",NA,NA,2025,"Julio","7PULILI"
"3437",NA,NA,NA,NA,NA,NA,NA,NA,NA,NA,NA,NA,NA,NA,NA,NA,NA,NA,"Recría",NA,NA,2025,"Julio","7PULILI"
"3438",NA,NA,NA,NA,NA,NA,NA,NA,NA,NA,NA,NA,NA,NA,NA,NA,NA,NA,"Recría",NA,NA,2025,"Julio","7PULILI"
"3441",NA,NA,NA,NA,NA,NA,NA,NA,NA,NA,NA,NA,NA,NA,NA,NA,NA,NA,"Recría",NA,NA,2025,"Julio","7PULILI"
"3442",NA,NA,NA,NA,NA,NA,NA,NA,NA,NA,NA,NA,NA,NA,NA,NA,NA,NA,"Recría",NA,NA,2025,"Julio","7PULILI"
"3444",NA,NA,NA,NA,NA,NA,NA,NA,NA,NA,NA,NA,NA,NA,NA,NA,NA,NA,"Recría",NA,NA,2025,"Julio","7PULILI"
"3447",NA,NA,NA,NA,NA,NA,NA,NA,NA,NA,NA,NA,NA,NA,NA,NA,NA,NA,"Recría",NA,NA,2025,"Julio","7PULILI"
"3439",NA,NA,NA,NA,NA,NA,NA,NA,NA,NA,NA,NA,NA,NA,NA,NA,NA,NA,"Recría",NA,NA,2025,"Julio","7PULILI"
"3448",NA,NA,NA,NA,NA,NA,NA,NA,NA,NA,NA,NA,NA,NA,NA,NA,NA,NA,"Recría",NA,NA,2025,"Julio","7PULILI"
"3452",NA,NA,NA,NA,NA,NA,NA,NA,NA,NA,NA,NA,NA,NA,NA,NA,NA,NA,"Recría",NA,NA,2025,"Julio","7PULILI"
"3454",NA,NA,NA,NA,NA,NA,NA,NA,NA,NA,NA,NA,NA,NA,NA,NA,NA,NA,"Recría",NA,NA,2025,"Julio","7PULILI"
"3455",NA,NA,NA,NA,NA,NA,NA,NA,NA,NA,NA,NA,NA,NA,NA,NA,NA,NA,"Recría",NA,NA,2025,"Julio","7PULILI"
"3456",NA,NA,NA,NA,NA,NA,NA,NA,NA,NA,NA,NA,NA,NA,NA,NA,NA,NA,"Recría",NA,NA,2025,"Julio","7PULILI"
"3458",NA,NA,NA,NA,NA,NA,NA,NA,NA,NA,NA,NA,NA,NA,NA,NA,NA,NA,"Recría",NA,NA,2025,"Julio","7PULILI"
"3459",NA,NA,NA,NA,NA,NA,NA,NA,NA,NA,NA,NA,NA,NA,NA,NA,NA,NA,"Recría",NA,NA,2025,"Julio","7PULILI"
"3460",NA,NA,NA,NA,NA,NA,NA,NA,NA,NA,NA,NA,NA,NA,NA,NA,NA,NA,"Recría",NA,NA,2025,"Julio","7PULILI"
"3462",NA,NA,NA,NA,NA,NA,NA,NA,NA,NA,NA,NA,NA,NA,NA,NA,NA,NA,"Recría",NA,NA,2025,"Julio","7PULILI"
"3464",NA,NA,NA,NA,NA,NA,NA,NA,NA,NA,NA,NA,NA,NA,NA,NA,NA,NA,"Recría",NA,NA,2025,"Julio","7PULILI"
"3465",NA,NA,NA,NA,NA,NA,NA,NA,NA,NA,NA,NA,NA,NA,NA,NA,NA,NA,"Recría",NA,NA,2025,"Julio","7PULILI"
"3466",NA,NA,NA,NA,NA,NA,NA,NA,NA,NA,NA,NA,NA,NA,NA,NA,NA,NA,"Recría",NA,NA,2025,"Julio","7PULILI"
"3467",NA,NA,NA,NA,NA,NA,NA,NA,NA,NA,NA,NA,NA,NA,NA,NA,NA,NA,"Recría",NA,NA,2025,"Julio","7PULILI"
"3468",NA,NA,NA,NA,NA,NA,NA,NA,NA,NA,NA,NA,NA,NA,NA,NA,NA,NA,"Recría",NA,NA,2025,"Julio","7PULILI"
"3469",NA,NA,NA,NA,NA,NA,NA,NA,NA,NA,NA,NA,NA,NA,NA,NA,NA,NA,"Recría",NA,NA,2025,"Julio","7PULILI"
"3450",NA,NA,NA,NA,NA,NA,NA,NA,NA,NA,NA,NA,NA,NA,NA,NA,NA,NA,"Recría",NA,NA,2025,"Julio","7PULILI"
"3453",NA,NA,NA,NA,NA,NA,NA,NA,NA,NA,NA,NA,NA,NA,NA,NA,NA,NA,"Recría",NA,NA,2025,"Julio","7PULILI"
"3457",NA,NA,NA,NA,NA,NA,NA,NA,NA,NA,NA,NA,NA,NA,NA,NA,NA,NA,"Recría",NA,NA,2025,"Julio","7PULILI"
"3463",NA,NA,NA,NA,NA,NA,NA,NA,NA,NA,NA,NA,NA,NA,NA,NA,NA,NA,"Recría",NA,NA,2025,"Julio","7PULILI"
"3471",NA,NA,NA,NA,NA,NA,NA,NA,NA,NA,NA,NA,NA,NA,NA,NA,NA,NA,"Recría",NA,NA,2025,"Julio","7PULILI"
"3473",NA,NA,NA,NA,NA,NA,NA,NA,NA,NA,NA,NA,NA,NA,NA,NA,NA,NA,"Recría",NA,NA,2025,"Julio","7PULILI"
"3474",NA,NA,NA,NA,NA,NA,NA,NA,NA,NA,NA,NA,NA,NA,NA,NA,NA,NA,"Recría",NA,NA,2025,"Julio","7PULILI"
"3476",NA,NA,NA,NA,NA,NA,NA,NA,NA,NA,NA,NA,NA,NA,NA,NA,NA,NA,"Recría",NA,NA,2025,"Julio","7PULILI"
"3479",NA,NA,NA,NA,NA,NA,NA,NA,NA,NA,NA,NA,NA,NA,NA,NA,NA,NA,"Recría",NA,NA,2025,"Julio","7PULILI"
"3481",NA,NA,NA,NA,NA,NA,NA,NA,NA,NA,NA,NA,NA,NA,NA,NA,NA,NA,"Recría",NA,NA,2025,"Julio","7PULILI"
"3482",NA,NA,NA,NA,NA,NA,NA,NA,NA,NA,NA,NA,NA,NA,NA,NA,NA,NA,"Recría",NA,NA,2025,"Julio","7PULILI"
"3483",NA,NA,NA,NA,NA,NA,NA,NA,NA,NA,NA,NA,NA,NA,NA,NA,NA,NA,"Recría",NA,NA,2025,"Julio","7PULILI"
"3486",NA,NA,NA,NA,NA,NA,NA,NA,NA,NA,NA,NA,NA,NA,NA,NA,NA,NA,"Recría",NA,NA,2025,"Julio","7PULILI"
"3488",NA,NA,NA,NA,NA,NA,NA,NA,NA,NA,NA,NA,NA,NA,NA,NA,NA,NA,"Recría",NA,NA,2025,"Julio","7PULILI"
"3489",NA,NA,NA,NA,NA,NA,NA,NA,NA,NA,NA,NA,NA,NA,NA,NA,NA,NA,"Recría",NA,NA,2025,"Julio","7PULILI"
"3494",NA,NA,NA,NA,NA,NA,NA,NA,NA,NA,NA,NA,NA,NA,NA,NA,NA,NA,"Recría",NA,NA,2025,"Julio","7PULILI"
"3506",NA,NA,NA,NA,NA,NA,NA,NA,NA,NA,NA,NA,NA,NA,NA,NA,NA,NA,"Recría",NA,NA,2025,"Julio","7PULILI"
"3508",NA,NA,NA,NA,NA,NA,NA,NA,NA,NA,NA,NA,NA,NA,NA,NA,NA,NA,"Recría",NA,NA,2025,"Julio","7PULILI"
"3516",NA,NA,NA,NA,NA,NA,NA,NA,NA,NA,NA,NA,NA,NA,NA,NA,NA,NA,"Recría",NA,NA,2025,"Julio","7PULILI"
"3472",NA,NA,NA,NA,NA,NA,NA,NA,NA,NA,NA,NA,NA,NA,NA,NA,NA,NA,"Recría",NA,NA,2025,"Julio","7PULILI"
"3485",NA,NA,NA,NA,NA,NA,NA,NA,NA,NA,NA,NA,NA,NA,NA,NA,NA,NA,"Recría",NA,NA,2025,"Julio","7PULILI"
"3491",NA,NA,NA,NA,NA,NA,NA,NA,NA,NA,NA,NA,NA,NA,NA,NA,NA,NA,"Recría",NA,NA,2025,"Julio","7PULILI"
"3493",NA,NA,NA,NA,NA,NA,NA,NA,NA,NA,NA,NA,NA,NA,NA,NA,NA,NA,"Recría",NA,NA,2025,"Julio","7PULILI"
"3495",NA,NA,NA,NA,NA,NA,NA,NA,NA,NA,NA,NA,NA,NA,NA,NA,NA,NA,"Recría",NA,NA,2025,"Julio","7PULILI"
"3496",NA,NA,NA,NA,NA,NA,NA,NA,NA,NA,NA,NA,NA,NA,NA,NA,NA,NA,"Recría",NA,NA,2025,"Julio","7PULILI"
"3498",NA,NA,NA,NA,NA,NA,NA,NA,NA,NA,NA,NA,NA,NA,NA,NA,NA,NA,"Recría",NA,NA,2025,"Julio","7PULILI"
"3499",NA,NA,NA,NA,NA,NA,NA,NA,NA,NA,NA,NA,NA,NA,NA,NA,NA,NA,"Recría",NA,NA,2025,"Julio","7PULILI"
"3500",NA,NA,NA,NA,NA,NA,NA,NA,NA,NA,NA,NA,NA,NA,NA,NA,NA,NA,"Recría",NA,NA,2025,"Julio","7PULILI"
"3502",NA,NA,NA,NA,NA,NA,NA,NA,NA,NA,NA,NA,NA,NA,NA,NA,NA,NA,"Recría",NA,NA,2025,"Julio","7PULILI"
"3505",NA,NA,NA,NA,NA,NA,NA,NA,NA,NA,NA,NA,NA,NA,NA,NA,NA,NA,"Recría",NA,NA,2025,"Julio","7PULILI"
"3509",NA,NA,NA,NA,NA,NA,NA,NA,NA,NA,NA,NA,NA,NA,NA,NA,NA,NA,"Recría",NA,NA,2025,"Julio","7PULILI"
"3510",NA,NA,NA,NA,NA,NA,NA,NA,NA,NA,NA,NA,NA,NA,NA,NA,NA,NA,"Recría",NA,NA,2025,"Julio","7PULILI"
"3514",NA,NA,NA,NA,NA,NA,NA,NA,NA,NA,NA,NA,NA,NA,NA,NA,NA,NA,"Recría",NA,NA,2025,"Julio","7PULILI"
"3518",NA,NA,NA,NA,NA,NA,NA,NA,NA,NA,NA,NA,NA,NA,NA,NA,NA,NA,"Recría",NA,NA,2025,"Julio","7PULILI"
"3519",NA,NA,NA,NA,NA,NA,NA,NA,NA,NA,NA,NA,NA,NA,NA,NA,NA,NA,"Recría",NA,NA,2025,"Julio","7PULILI"
"3445",NA,NA,NA,NA,NA,NA,NA,NA,NA,NA,NA,NA,NA,NA,NA,NA,NA,NA,"Recría",NA,NA,2025,"Julio","7PULILI"
"3478",NA,NA,NA,NA,NA,NA,NA,NA,NA,NA,NA,NA,NA,NA,NA,NA,NA,NA,"Recría",NA,NA,2025,"Julio","7PULILI"
"93%",NA,NA,NA,NA,NA,NA,NA,NA,NA,NA,NA,NA,NA,NA,NA,NA,NA,NA,"Recría",NA,NA,2025,"Julio","7PULILI"
"T",NA,NA,NA,NA,NA,NA,NA,NA,NA,NA,NA,NA,NA,NA,NA,NA,NA,NA,"Recría",NA,NA,2025,"Julio","7PULILI"
